Osc_Latorre2015	wormbaseID
4R79.1	WBGene00003525
4R79.2	WBGene00007067
AC3.10	WBGene00004964
AC3.3	WBGene00000024
AC3.4	WBGene00004098
AC3.5	WBGene00007071
AC3.7	WBGene00007072
AC3.8	WBGene00007073
B0019.1	WBGene00000138
B0024.1	WBGene00000722
B0024.14	WBGene00007103
B0024.15	WBGene00007104
B0024.2	WBGene00000723
B0024.4	WBGene00007097
B0034.1	WBGene00015002
B0034.4	WBGene00015004
B0034.7	WBGene00044394
B0035.10	WBGene00001919
B0035.7	WBGene00001921
B0035.8	WBGene00001922
B0035.9	WBGene00001920
B0205.4	WBGene00015019
B0212.1	WBGene00015035
B0213.10	WBGene00015040
B0213.14	WBGene00015043
B0213.2	WBGene00003765
B0213.3	WBGene00003766
B0213.5	WBGene00003768
B0213.6	WBGene00003769
B0213.7	WBGene00006142
B0218.2	WBGene00015048
B0222.11	WBGene00044582
B0222.3	WBGene00015055
B0222.5	WBGene00015056
B0222.6	WBGene00000717
B0222.8	WBGene00000599
B0228.1	WBGene00015059
B0238.12	WBGene00015076
B0240.1	WBGene00004359
B0240.3	WBGene00000907
B0244.10	WBGene00015085
B0244.7	WBGene00015082
B0280.7	WBGene00015103
B0285.5	WBGene00002003
B0286.2	WBGene00002252
B0286.3	WBGene00015116
B0302.1	WBGene00002207
B0304.3	WBGene00015135
B0310.2	WBGene00015138
B0310.3	WBGene00015139
B0310.6	WBGene00015142
B0331.1	WBGene00007140
B0331.2	WBGene00007141
B0334.1	WBGene00007142
B0334.13	WBGene00007149
B0334.2	WBGene00006660
B0334.6	WBGene00007146
B0344.2	WBGene00006955
B0348.5	WBGene00015153
B0361.9	WBGene00015163
B0365.1	WBGene00007150
B0365.5	WBGene00007152
B0393.5	WBGene00007170
B0395.1	WBGene00003729
B0395.2	WBGene00007174
B0399.2	WBGene00007177
B0403.5	WBGene00015169
B0412.1	WBGene00000895
B0416.7	WBGene00015182
B0454.5	WBGene00015196
B0454.8	WBGene00015199
B0457.2	WBGene00007178
B0462.4	WBGene00007183
B0491.2	WBGene00005016
B0496.7	WBGene00015216
B0507.1	WBGene00015218
B0507.10	WBGene00015227
B0507.3	WBGene00015220
B0511.1	WBGene00001432
B0513.9	WBGene00007200
B0545.1	WBGene00006599
B0554.4	WBGene00015257
B0554.5	WBGene00015258
B0563.5	WBGene00015262
B0564.3	WBGene00007203
B0564.6	WBGene00007206
B0564.9	WBGene00007208
BE0003N10.3	WBGene00015268
BE10.2	WBGene00007210
C01A2.2	WBGene00007214
C01B10.11	WBGene00044294
C01B10.5	WBGene00001858
C01B12.1	WBGene00005017
C01B12.4	WBGene00015287
C01B4.6	WBGene00015270
C01B9.1	WBGene00007220
C01C10.1	WBGene00000523
C01C10.2	WBGene00015294
C01C10.3	WBGene00015295
C01C10.4	WBGene00000526
C01F1.3	WBGene00015298
C01F1.5	WBGene00015300
C01G10.15	WBGene00007240
C01G10.16	WBGene00007241
C01G10.17	WBGene00044658
C01G10.4	WBGene00007231
C01G10.5	WBGene00007232
C01G10.6	WBGene00007233
C01G12.1	WBGene00007242
C01G12.10	WBGene00007250
C01G12.11	WBGene00007251
C01G12.2	WBGene00007243
C01G12.3	WBGene00007244
C01G12.6	WBGene00007246
C01G6.9	WBGene00007229
C01H6.1	WBGene00000637
C01H6.2	WBGene00007252
C01H6.3	WBGene00007253
C01H6.5	WBGene00003622
C01H6.6	WBGene00007255
C01H6.8	WBGene00007257
C02B10.5	WBGene00015330
C02B4.1	WBGene00000082
C02B8.5	WBGene00015323
C02C2.1	WBGene00015332
C02C2.4	WBGene00015333
C02D4.1	WBGene00007262
C02D5.1	WBGene00015335
C02D5.2	WBGene00015336
C02E7.6	WBGene00015339
C02E7.7	WBGene00015340
C02F12.4	WBGene00006431
C02F12.5	WBGene00015355
C02F4.4	WBGene00007264
C02F5.14	WBGene00044445
C02G6.3	WBGene00044803
C02H6.1	WBGene00015361
C02H6.2	WBGene00015362
C02H7.1	WBGene00001127
C03A3.3	WBGene00007268
C03A7.11	WBGene00015369
C03A7.14	WBGene00000031
C03A7.4	WBGene00004099
C03A7.7	WBGene00000029
C03A7.8	WBGene00000030
C03B1.5	WBGene00015376
C03B1.7	WBGene00015378
C03D6.1	WBGene00007275
C03F11.2	WBGene00015388
C03G5.11	WBGene00044339
C03G5.12	WBGene00044340
C03G5.13	WBGene00044357
C03G5.2	WBGene00015392
C03G5.8	WBGene00023477
C03G5.9	WBGene00044337
C03G6.10	WBGene00015396
C03G6.14	WBGene00015399
C03G6.15	WBGene00015400
C03G6.17	WBGene00015402
C03G6.8	WBGene00015395
C04A11.1	WBGene00007285
C04A11.3	WBGene00007287
C04C11.1	WBGene00007295
C04E12.11	WBGene00015440
C04E12.4	WBGene00015434
C04E12.5	WBGene00015435
C04F1.1	WBGene00015442
C04F12.8	WBGene00007302
C04F5.7	WBGene00015449
C04F6.1	WBGene00006929
C04F6.3	WBGene00000503
C04F6.5	WBGene00000990
C04G6.10	WBGene00015458
C04G6.2	WBGene00015453
C04G6.7	WBGene00015457
C04H4.1	WBGene00007311
C05A9.1	WBGene00003999
C05B5.3	WBGene00004100
C05B5.4	WBGene00007321
C05B5.8	WBGene00007324
C05C12.3	WBGene00001795
C05C12.4	WBGene00007336
C05C8.7	WBGene00015464
C05C8.8	WBGene00015465
C05C9.1	WBGene00007325
C05C9.3	WBGene00007327
C05D10.3	WBGene00015479
C05D10.4	WBGene00015480
C05D11.6	WBGene00003523
C05D12.1	WBGene00007339
C05D12.2	WBGene00007340
C05D12.7	WBGene00044029
C05D9.4	WBGene00015473
C05D9.9	WBGene00015476
C05E11.4	WBGene00000133
C05E11.5	WBGene00000136
C05E11.7	WBGene00015496
C05E4.1	WBGene00005643
C05E4.3	WBGene00005642
C05E4.9	WBGene00001564
C05E7.1	WBGene00007343
C05E7.2	WBGene00007344
C05G5.7	WBGene00050939
C06A1.6	WBGene00007356
C06A1.7	WBGene00044235
C06A6.5	WBGene00015510
C06A8.6	WBGene00015516
C06A8.7	WBGene00005262
C06B3.3	WBGene00007362
C06B3.7	WBGene00007366
C06B8.1	WBGene00007367
C06C3.10	WBGene00044169
C06C3.3	WBGene00007374
C06C3.4	WBGene00007375
C06C6.4	WBGene00003653
C06E1.1	WBGene00015518
C06E1.3	WBGene00015519
C06E1.7	WBGene00015522
C06E1.8	WBGene00015523
C06E2.1	WBGene00015527
C06E2.5	WBGene00015529
C06E2.8	WBGene00002092
C06E7.4	WBGene00015541
C06E7.6	WBGene00004973
C06E8.5	WBGene00015544
C06G1.1	WBGene00015545
C06G1.2	WBGene00015546
C06G8.2	WBGene00003876
C06H2.7	WBGene00007391
C06H5.6	WBGene00007394
C06H5.7	WBGene00007395
C07A12.1	WBGene00001821
C07A12.4	WBGene00003963
C07A12.5	WBGene00005008
C07A4.2	WBGene00007397
C07A4.3	WBGene00007398
C07A9.6	WBGene00007402
C07B5.2	WBGene00007407
C07D10.3	WBGene00015568
C07D10.4	WBGene00003526
C07E3.10	WBGene00007420
C07G1.4	WBGene00006957
C08B6.4	WBGene00007425
C08E3.1	WBGene00015593
C08E8.1	WBGene00007437
C08E8.10	WBGene00077692
C08E8.4	WBGene00007440
C08F11.1	WBGene00007450
C08F11.3	WBGene00007452
C08F11.8	WBGene00007455
C08F8.7	WBGene00004309
C08G9.2	WBGene00015620
C08H9.1	WBGene00007462
C08H9.10	WBGene00007469
C08H9.11	WBGene00007470
C08H9.12	WBGene00007471
C08H9.4	WBGene00007465
C08H9.5	WBGene00003862
C08H9.7	WBGene00007467
C09B8.3	WBGene00015622
C09B8.4	WBGene00015623
C09B8.8	WBGene00015625
C09C7.1	WBGene00006981
C09D1.1	WBGene00006820
C09E7.2	WBGene00004102
C09E8.3	WBGene00015646
C09F12.2	WBGene00007482
C09F9.2	WBGene00007479
C09G1.4	WBGene00007486
C09G4.2	WBGene00015650
C09G5.3	WBGene00000655
C09G5.4	WBGene00000616
C09G5.5	WBGene00000656
C09G5.6	WBGene00000251
C09G9.3	WBGene00007494
C09G9.5	WBGene00007495
C09H5.2	WBGene00015660
C10A4.3	WBGene00015664
C10A4.8	WBGene00003380
C10C5.2	WBGene00007506
C10C5.5	WBGene00007509
C10C5.7	WBGene00007511
C10C6.5	WBGene00007513
C10F3.2	WBGene00000979
C10F3.3	WBGene00000069
C10G8.3	WBGene00015682
C10G8.5	WBGene00003567
C10H11.1	WBGene00015691
C10H11.3	WBGene00015692
C10H11.4	WBGene00015693
C11E4.1	WBGene00007516
C11E4.2	WBGene00007517
C11H1.5	WBGene00007530
C11H1.9	WBGene00023500
C12C8.1	WBGene00002026
C12C8.2	WBGene00007533
C12D12.2	WBGene00001620
C12D5.10	WBGene00015711
C12D8.14	WBGene00007541
C12D8.16	WBGene00007543
C12D8.18	WBGene00044174
C12D8.19	WBGene00044175
C12D8.6	WBGene00007537
C12D8.8	WBGene00000721
C13A2.3	WBGene00015720
C13B4.1	WBGene00007545
C13C12.2	WBGene00007552
C13C4.4	WBGene00007548
C13C4.5	WBGene00007549
C13D9.1	WBGene00005657
C13D9.7	WBGene00003573
C13F10.1	WBGene00015741
C14A4.12	WBGene00007562
C14A4.8	WBGene00007559
C14A4.9	WBGene00007560
C14B1.2	WBGene00007573
C14B4.2	WBGene00007583
C14B9.2	WBGene00015752
C14B9.3	WBGene00015753
C14C11.7	WBGene00015769
C14C11.8	WBGene00004104
C14C6.2	WBGene00015756
C14C6.3	WBGene00015757
C14C6.4	WBGene00015758
C14F11.3	WBGene00001803
C14F11.4	WBGene00015780
C14F11.5	WBGene00002024
C14F11.6	WBGene00015781
C14F5.3	WBGene00006588
C14H10.1	WBGene00007591
C14H10.2	WBGene00007592
C14H10.3	WBGene00007593
C15A11.4	WBGene00007598
C15A11.5	WBGene00000596
C15A11.6	WBGene00000638
C15A11.7	WBGene00007599
C15C6.1	WBGene00007600
C15C7.2	WBGene00002220
C15C7.5	WBGene00015791
C15C8.2	WBGene00000521
C15F1.1	WBGene00015794
C15F1.2	WBGene00015795
C15F1.8	WBGene00015797
C15H11.5	WBGene00007615
C15H9.1	WBGene00003778
C15H9.11	WBGene00015805
C15H9.2	WBGene00015798
C16B8.2	WBGene00015822
C16C2.1	WBGene00000430
C16C8.2	WBGene00015841
C16D9.1	WBGene00015857
C16D9.2	WBGene00004395
C16D9.5	WBGene00015860
C16E9.1	WBGene00015865
C17B7.11	WBGene00015885
C17B7.12	WBGene00015886
C17B7.2	WBGene00015876
C17B7.3	WBGene00015877
C17B7.5	WBGene00015879
C17C3.1	WBGene00015887
C17C3.15	WBGene00015896
C17C3.19	WBGene00002095
C17D12.3	WBGene00007638
C17E7.13	WBGene00015906
C17F4.12	WBGene00044374
C17F4.2	WBGene00015910
C17F4.3	WBGene00015911
C17F4.5	WBGene00015912
C17F4.7	WBGene00015913
C17G1.6	WBGene00003553
C17G10.7	WBGene00015919
C18A11.4	WBGene00015950
C18C4.7	WBGene00015968
C18D4.4	WBGene00007674
C18E9.7	WBGene00007687
C18F10.2	WBGene00015977
C18G1.2	WBGene00015981
C18H7.2	WBGene00002140
C18H7.9	WBGene00015999
C18H9.1	WBGene00016000
C18H9.5	WBGene00016003
C23G10.11	WBGene00016017
C23G10.6	WBGene00016013
C23H3.2	WBGene00016018
C23H3.7	WBGene00006611
C23H3.9	WBGene00016022
C23H4.2	WBGene00007691
C23H4.7	WBGene00007695
C23H5.1	WBGene00016023
C23H5.11	WBGene00044649
C23H5.8	WBGene00016027
C24A1.2	WBGene00016029
C24A11.1	WBGene00016040
C24B5.3	WBGene00004216
C24B5.4	WBGene00016046
C24B9.9	WBGene00016052
C24D10.8	WBGene00043147
C24F3.3	WBGene00003531
C24F3.6	WBGene00000698
C24G6.7	WBGene00001710
C24H10.4	WBGene00016070
C24H10.5	WBGene00006861
C25A1.2	WBGene00001442
C25A1.5	WBGene00007707
C25A1.8	WBGene00007709
C25B8.3	WBGene00000786
C25D7.4	WBGene00007716
C25D7.5	WBGene00007717
C25E10.12	WBGene00016101
C25E10.3	WBGene00016093
C25E10.4	WBGene00016094
C25F6.6	WBGene00016105
C25F6.7	WBGene00016106
C25F6.8	WBGene00044569
C25F9.1	WBGene00005832
C25F9.10	WBGene00044291
C25F9.11	WBGene00045411
C25F9.7	WBGene00005833
C25H3.10	WBGene00016119
C25H3.11	WBGene00016120
C26B2.8	WBGene00016130
C26B9.2	WBGene00016132
C26B9.3	WBGene00016133
C26B9.6	WBGene00016135
C26B9.7	WBGene00016136
C26C6.10	WBGene00077553
C26C6.3	WBGene00003552
C26D10.5	WBGene00001159
C26D10.7	WBGene00023420
C26E6.2	WBGene00016138
C26F1.1	WBGene00016146
C26F1.2	WBGene00016147
C26F1.5	WBGene00001719
C26G2.2	WBGene00007751
C26H9A.1	WBGene00006916
C27A2.4	WBGene00016152
C27A2.5	WBGene00016153
C27A7.1	WBGene00007753
C27A7.3	WBGene00007755
C27B7.9	WBGene00007765
C27C12.7	WBGene00001055
C27C7.3	WBGene00003664
C27C7.4	WBGene00003663
C27C7.8	WBGene00007770
C27D9.2	WBGene00016164
C27F2.2	WBGene00003558
C27H5.2	WBGene00016172
C28C12.11	WBGene00016181
C28C12.4	WBGene00016180
C28G1.1	WBGene00006718
C28H8.11	WBGene00016201
C28H8.2	WBGene00016193
C28H8.5	WBGene00016196
C28H8.6	WBGene00016197
C29E4.15	WBGene00045246
C29E4.7	WBGene00016204
C29E4.8	WBGene00002879
C29E6.1	WBGene00002827
C29E6.4	WBGene00007802
C29F3.1	WBGene00001150
C29F3.2	WBGene00006954
C29F3.3	WBGene00007804
C29F3.5	WBGene00007806
C29F3.6	WBGene00005949
C29F4.1	WBGene00000699
C29F4.2	WBGene00007808
C29F5.1	WBGene00016210
C29F9.13	WBGene00016227
C29F9.2	WBGene00016217
C29F9.4	WBGene00016219
C29F9.6	WBGene00016221
C30A5.10	WBGene00016242
C30F12.5	WBGene00016264
C30F12.6	WBGene00016265
C30F2.1	WBGene00000760
C30F2.2	WBGene00007816
C30F2.3	WBGene00007817
C30F2.5	WBGene00007819
C30F8.3	WBGene00016259
C30G12.1	WBGene00016273
C30G12.4	WBGene00016276
C30G7.1	WBGene00001852
C30H6.2	WBGene00006487
C30H6.5	WBGene00007823
C31A11.5	WBGene00007833
C31B8.12	WBGene00016285
C31B8.8	WBGene00016283
C31C9.2	WBGene00007836
C31C9.8	WBGene00045289
C31E10.8	WBGene00007849
C31G12.2	WBGene00007851
C31H2.2	WBGene00001070
C31H2.4	WBGene00016294
C32B5.1	WBGene00016295
C32C4.2	WBGene00000174
C32D5.12	WBGene00016319
C32D5.9	WBGene00002980
C32E12.3	WBGene00016329
C32E12.5	WBGene00004771
C32E8.8	WBGene00004217
C32H11.11	WBGene00007874
C32H11.12	WBGene00007875
C32H11.5	WBGene00007868
C32H11.6	WBGene00007869
C32H11.8	WBGene00007871
C33A12.19	WBGene00007890
C33A12.7	WBGene00007886
C33B4.2	WBGene00007891
C33C12.7	WBGene00016339
C33D3.3	WBGene00007894
C33D3.4	WBGene00007895
C33D9.3	WBGene00007898
C33E10.8	WBGene00016349
C33F10.7	WBGene00016355
C33G3.3	WBGene00007903
C33G8.2	WBGene00016360
C33G8.3	WBGene00016361
C33G8.7	WBGene00016364
C33H5.14	WBGene00016380
C34B2.11	WBGene00016396
C34B2.9	WBGene00016394
C34B7.1	WBGene00007911
C34C12.6	WBGene00007925
C34C12.7	WBGene00007926
C34C6.3	WBGene00007916
C34D4.11	WBGene00016403
C34D4.15	WBGene00000687
C34D4.9	WBGene00003527
C34E10.7	WBGene00000561
C34E11.2	WBGene00007935
C34E7.3	WBGene00007933
C34E7.4	WBGene00007934
C34F11.3	WBGene00016415
C34F11.8	WBGene00016417
C34F6.1	WBGene00007938
C34G6.2	WBGene00016419
C34G6.6	WBGene00016422
C34G6.7	WBGene00004109
C34H3.1	WBGene00016423
C34H4.4	WBGene00000681
C35A11.2	WBGene00016429
C35A5.10	WBGene00044016
C35A5.11	WBGene00044024
C35A5.2	WBGene00007946
C35A5.5	WBGene00007949
C35B1.4	WBGene00016434
C35B8.1	WBGene00000748
C35C5.8	WBGene00007957
C35C5.9	WBGene00007958
C35E7.7	WBGene00016459
C36A4.2	WBGene00007964
C36A4.3	WBGene00014697
C36A4.9	WBGene00007969
C36B7.5	WBGene00016468
C36C5.5	WBGene00016474
C36E8.2	WBGene00007981
C36E8.4	WBGene00007983
C36H8.2	WBGene00002128
C37A5.2	WBGene00007989
C37A5.8	WBGene00007992
C37C3.12	WBGene00016504
C37C3.13	WBGene00016505
C37C3.7	WBGene00016499
C37E2.2	WBGene00007994
C37H5.9	WBGene00003528
C38C10.6	WBGene00008002
C38C3.4	WBGene00016513
C38C3.9	WBGene00016517
C38C6.2	WBGene00000225
C38C6.3	WBGene00007996
C38C6.6	WBGene00007999
C39B10.1	WBGene00008021
C39B5.4	WBGene00016522
C39D10.8	WBGene00016535
C39E9.10	WBGene00008033
C39E9.2	WBGene00008027
C39E9.3	WBGene00000705
C39E9.4	WBGene00008028
C39E9.8	WBGene00008032
C40C9.3	WBGene00008036
C40C9.4	WBGene00008037
C40D2.2	WBGene00016555
C40H1.4	WBGene00001242
C40H1.7	WBGene00008042
C41C4.1	WBGene00008050
C41D11.7	WBGene00016566
C41D7.2	WBGene00004218
C41G7.7	WBGene00008064
C41G7.8	WBGene00077525
C41H7.2	WBGene00016572
C41H7.7	WBGene00016577
C42C1.7	WBGene00016585
C42D4.1	WBGene00016594
C42D4.13	WBGene00016598
C42D4.2	WBGene00016595
C42D4.3	WBGene00016596
C42D8.5	WBGene00000039
C43F9.11	WBGene00045024
C43F9.5	WBGene00008073
C43G2.4	WBGene00016613
C44B11.6	WBGene00016635
C44B7.3	WBGene00016625
C44B7.5	WBGene00016627
C44B7.6	WBGene00016628
C44C1.1	WBGene00016641
C44C1.5	WBGene00016644
C44C1.6	WBGene00016645
C44C10.1	WBGene00000753
C44C10.3	WBGene00008084
C44C10.9	WBGene00008089
C44E12.1	WBGene00016657
C44F1.1	WBGene00008091
C44F1.3	WBGene00002267
C44H4.1	WBGene00008093
C44H4.2	WBGene00002282
C44H4.3	WBGene00006366
C44H9.7	WBGene00008102
C45B11.6	WBGene00045379
C45B2.2	WBGene00016659
C45B2.7	WBGene00004219
C45B2.8	WBGene00016662
C45E5.1	WBGene00016664
C45E5.4	WBGene00016667
C45G7.5	WBGene00000402
C45G9.12	WBGene00016683
C46A5.3	WBGene00000603
C46A5.4	WBGene00016700
C46C2.6	WBGene00008114
C46F4.3	WBGene00044571
C46H11.11	WBGene00016735
C46H11.2	WBGene00016728
C46H11.7	WBGene00016731
C46H11.8	WBGene00016732
C46H11.9	WBGene00016733
C47A10.5	WBGene00008127
C47B2.6	WBGene00008132
C47E12.6	WBGene00008150
C47E8.9	WBGene00008146
C47F8.5	WBGene00008161
C48B4.13	WBGene00008176
C48D5.3	WBGene00008180
C48E7.1	WBGene00016749
C49A9.3	WBGene00016757
C49A9.8	WBGene00016762
C49C8.2	WBGene00016766
C49F5.7	WBGene00008211
C49F5.8	WBGene00008212
C49F8.1	WBGene00008213
C49F8.3	WBGene00008215
C49G7.10	WBGene00016788
C49G7.3	WBGene00016781
C49G7.4	WBGene00016782
C49G7.8	WBGene00016786
C49G9.1	WBGene00008216
C49G9.2	WBGene00045474
C50A2.3	WBGene00016797
C50B6.14	WBGene00003719
C50B6.4	WBGene00000734
C50B6.8	WBGene00008221
C50B6.9	WBGene00008222
C50B8.4	WBGene00008226
C50D2.1	WBGene00016805
C50D2.2	WBGene00016806
C50D2.4	WBGene00000644
C50E3.6	WBGene00016817
C50F2.10	WBGene00000013
C50F2.6	WBGene00001430
C50F4.1	WBGene00008229
C50F4.8	WBGene00008233
C50F7.1	WBGene00016842
C50H2.10	WBGene00008244
C50H2.12	WBGene00008245
C51E3.10	WBGene00008255
C52A10.2	WBGene00016863
C52B9.3	WBGene00016866
C52D10.13	WBGene00000711
C52D10.3	WBGene00016877
C52E12.3	WBGene00005025
C52E2.4	WBGene00016883
C52E4.1	WBGene00000781
C52G5.2	WBGene00008260
C53A3.2	WBGene00016892
C53A5.13	WBGene00008270
C53B4.5	WBGene00000693
C53B4.7	WBGene00000266
C53B4.8	WBGene00008277
C53B7.1	WBGene00004370
C53B7.3	WBGene00016894
C53B7.6	WBGene00016895
C53D6.7	WBGene00008284
C54A12.1	WBGene00004221
C54A12.4	WBGene00016911
C54C6.7	WBGene00044166
C54C8.11	WBGene00001640
C54C8.2	WBGene00008290
C54C8.4	WBGene00008292
C54D1.1	WBGene00004004
C54D1.2	WBGene00016912
C54D1.4	WBGene00000116
C54D1.7	WBGene00016914
C54D10.10	WBGene00008304
C54D10.9	WBGene00008303
C54D2.1	WBGene00016915
C54D2.4	WBGene00006310
C54E4.4	WBGene00016919
C54E4.5	WBGene00016920
C54F6.10	WBGene00006097
C54F6.14	WBGene00001500
C54F6.3	WBGene00016921
C54F6.8	WBGene00016926
C54F6.9	WBGene00016927
C54G4.4	WBGene00008314
C54G7.2	WBGene00016934
C54G7.3	WBGene00002983
C54H2.3	WBGene00016937
C54H2.4	WBGene00016938
C55A6.12	WBGene00044019
C55A6.3	WBGene00008332
C55A6.4	WBGene00008333
C55A6.5	WBGene00008334
C55A6.6	WBGene00008335
C55B7.10	WBGene00016946
C55B7.4	WBGene00016943
C55C3.1	WBGene00016951
C55F2.1	WBGene00016957
C56A3.3	WBGene00008342
C56C10.4	WBGene00016962
C56E6.5	WBGene00016973
C56G3.1	WBGene00016984
CE7X_3.2	WBGene00008350
D1005.1	WBGene00016995
D1005.2	WBGene00016996
D1007.13	WBGene00017009
D1009.3	WBGene00017013
D1014.5	WBGene00017018
D1014.6	WBGene00017019
D1014.7	WBGene00017020
D1022.3	WBGene00017022
D1044.3	WBGene00004114
D1044.7	WBGene00017032
D1054.11	WBGene00008378
D1054.18	WBGene00077783
D1054.5	WBGene00008372
D1054.9	WBGene00008376
D1069.2	WBGene00000778
D1086.1	WBGene00008388
D1086.10	WBGene00044080
D1086.11	WBGene00044081
D1086.12	WBGene00044082
D1086.18	WBGene00045405
D1086.2	WBGene00008389
D1086.3	WBGene00008390
D1086.5	WBGene00008392
D1086.7	WBGene00008394
D2005.6	WBGene00008401
D2023.7	WBGene00000731
D2024.3	WBGene00001241
D2024.4	WBGene00017052
D2024.7	WBGene00017054
D2024.8	WBGene00000688
D2045.8	WBGene00008425
D2063.1	WBGene00017060
D2085.1	WBGene00004259
D2085.2	WBGene00008427
D2089.5	WBGene00001522
D2092.8	WBGene00017068
D2096.4	WBGene00005019
D2096.5	WBGene00017072
D2096.6	WBGene00017073
DC2.5	WBGene00017082
DY3.5	WBGene00004115
E01A2.10	WBGene00077701
E01A2.7	WBGene00017089
E01G4.6	WBGene00008448
E01G6.1	WBGene00008449
E02C12.6	WBGene00017092
E02H1.7	WBGene00003618
E02H9.6	WBGene00017104
E03G2.4	WBGene00000759
E04D5.3	WBGene00008482
E04D5.4	WBGene00008483
E04F6.6	WBGene00017126
E04F6.8	WBGene00017127
E04F6.9	WBGene00017128
EGAP4.1	WBGene00017149
EGAP7.1	WBGene00001065
F01D4.1	WBGene00008485
F01D4.2	WBGene00008486
F01D4.8	WBGene00008490
F01D5.10	WBGene00008500
F01D5.6	WBGene00008496
F01D5.9	WBGene00008499
F01E11.1	WBGene00017154
F01E11.4	WBGene00006642
F01F1.3	WBGene00017160
F01F1.6	WBGene00000115
F01G10.10	WBGene00008512
F01G10.3	WBGene00001158
F01G10.6	WBGene00008509
F01G10.9	WBGene00008511
F02C12.5	WBGene00008519
F02D8.2	WBGene00001701
F02D8.4	WBGene00008521
F02E9.2	WBGene00003014
F02G3.1	WBGene00017184
F07A11.1	WBGene00008545
F07A11.2	WBGene00008546
F07A11.5	WBGene00008548
F07B7.10	WBGene00001925
F07B7.11	WBGene00001928
F07B7.3	WBGene00001927
F07B7.4	WBGene00001926
F07B7.5	WBGene00001923
F07B7.9	WBGene00001924
F07C3.7	WBGene00000003
F07C4.11	WBGene00017204
F07C4.6	WBGene00017200
F07C4.7	WBGene00017201
F07C6.6	WBGene00045067
F07E5.7	WBGene00017212
F07F6.5	WBGene00017218
F07F6.7	WBGene00017219
F07G6.10	WBGene00045271
F07G6.6	WBGene00017225
F07H5.13	WBGene00008563
F07H5.6	WBGene00008557
F07H5.8	WBGene00008559
F08A8.2	WBGene00008565
F08A8.5	WBGene00008568
F08B12.1	WBGene00008571
F08B4.2	WBGene00000397
F08C6.1	WBGene00000083
F08C6.2	WBGene00017241
F08C6.4	WBGene00006063
F08C6.5	WBGene00017243
F08D12.2	WBGene00017246
F08D12.3	WBGene00017247
F08F1.1	WBGene00002195
F08F1.5	WBGene00000422
F08F1.6	WBGene00004998
F08F3.3	WBGene00004358
F08F3.7	WBGene00000373
F08G2.1	WBGene00001918
F08G2.2	WBGene00001917
F08G2.3	WBGene00001916
F08G2.8	WBGene00008579
F08G5.4	WBGene00000704
F08G5.5	WBGene00008583
F08G5.6	WBGene00008584
F09A5.1	WBGene00008598
F09B12.1	WBGene00008605
F09B9.1	WBGene00008602
F09C3.2	WBGene00008610
F09C3.5	WBGene00008613
F09C6.11	WBGene00044181
F09C6.2	WBGene00008616
F09D12.1	WBGene00001699
F09E10.1	WBGene00017294
F09E10.3	WBGene00000988
F09E10.6	WBGene00017296
F09E8.5	WBGene00008625
F09E8.6	WBGene00003533
F09F3.6	WBGene00008628
F09F3.9	WBGene00008629
F09F7.8	WBGene00017305
F09F9.1	WBGene00017306
F09F9.2	WBGene00017307
F09G8.2	WBGene00007056
F09G8.4	WBGene00003562
F09G8.6	WBGene00000666
F09G8.9	WBGene00017323
F10C1.2	WBGene00002053
F10C1.7	WBGene00002054
F10C1.8	WBGene00017327
F10C1.9	WBGene00044296
F10D11.6	WBGene00008652
F10D2.11	WBGene00017336
F10D2.2	WBGene00017329
F10D2.6	WBGene00017332
F10D2.7	WBGene00017333
F10D7.1	WBGene00017338
F10D7.3	WBGene00017340
F10D7.4	WBGene00017341
F10E7.10	WBGene00017351
F10F2.2	WBGene00008654
F10F2.3	WBGene00008655
F10F2.9	WBGene00004118
F10G2.3	WBGene00017364
F10G2.9	WBGene00017367
F10G8.2	WBGene00008662
F11A5.9	WBGene00008677
F11C1.5	WBGene00008694
F11C1.6	WBGene00003623
F11C7.4	WBGene00000792
F11C7.7	WBGene00017379
F11D5.1	WBGene00017380
F11E6.3	WBGene00008707
F11E6.4	WBGene00008708
F11E6.5	WBGene00001240
F11E6.8	WBGene00008711
F11E6.9	WBGene00008712
F11G11.10	WBGene00000606
F11G11.11	WBGene00000609
F11G11.12	WBGene00000649
F11G11.13	WBGene00017388
F12A10.1	WBGene00017390
F12A10.8	WBGene00017397
F12E12.11	WBGene00044811
F12F6.9	WBGene00000702
F13A7.11	WBGene00008726
F13A7.12	WBGene00008727
F13B12.3	WBGene00008731
F13B12.4	WBGene00008732
F13B6.1	WBGene00017416
F13B9.2	WBGene00017420
F13B9.6	WBGene00017421
F13C5.3	WBGene00017424
F13C5.5	WBGene00017426
F13D11.3	WBGene00017428
F13D11.4	WBGene00017429
F13D12.3	WBGene00008739
F13D12.8	WBGene00008742
F13D12.9	WBGene00008743
F13E9.13	WBGene00044797
F13E9.15	WBGene00045208
F13G3.1	WBGene00008762
F13G3.2	WBGene00005131
F13G3.3	WBGene00008763
F13G3.8	WBGene00001136
F13H10.1	WBGene00008773
F13H10.3	WBGene00008774
F13H6.1	WBGene00017430
F13H6.3	WBGene00017431
F13H6.4	WBGene00017432
F13H8.11	WBGene00017443
F13H8.3	WBGene00017436
F14B4.1	WBGene00008779
F14B4.2	WBGene00008780
F14B8.4	WBGene00017446
F14D12.1	WBGene00017463
F14D12.5	WBGene00017464
F14D7.7	WBGene00008794
F14E5.4	WBGene00008802
F14F3.4	WBGene00008807
F14F7.1	WBGene00000673
F14F7.3	WBGene00008810
F14F8.8	WBGene00008816
F14F9.4	WBGene00017467
F14F9.8	WBGene00044536
F14H12.3	WBGene00017471
F14H3.10	WBGene00008829
F14H8.1	WBGene00008832
F14H8.8	WBGene00077582
F15A4.6	WBGene00008841
F15A8.1	WBGene00017476
F15B9.1	WBGene00001387
F15B9.11	WBGene00138724
F15B9.2	WBGene00001388
F15B9.3	WBGene00001389
F15B9.8	WBGene00008851
F15B9.9	WBGene00001109
F15D3.8	WBGene00008858
F15D3.9	WBGene00077557
F15D4.4	WBGene00008861
F15D4.5	WBGene00008862
F15E11.1	WBGene00017490
F15E11.11	WBGene00017497
F15E11.13	WBGene00017499
F15E11.14	WBGene00017500
F15E6.2	WBGene00017483
F15E6.3	WBGene00017484
F15E6.4	WBGene00017485
F15E6.8	WBGene00017488
F15G9.6	WBGene00008869
F15H10.1	WBGene00000601
F15H10.10	WBGene00044014
F15H10.2	WBGene00000602
F15H10.8	WBGene00008875
F16A11.1	WBGene00008876
F16B4.11	WBGene00017512
F16B4.4	WBGene00017506
F16F9.1	WBGene00017513
F16F9.2	WBGene00001068
F16F9.4	WBGene00017515
F16G10.11	WBGene00017526
F16G10.4	WBGene00017519
F16G10.9	WBGene00017524
F16H11.1	WBGene00017530
F16H6.4	WBGene00008894
F16H6.7	WBGene00008897
F17A9.3	WBGene00017535
F17A9.4	WBGene00017536
F17A9.5	WBGene00017537
F17B5.1	WBGene00008905
F17B5.6	WBGene00044058
F17C11.3	WBGene00000726
F17C8.2	WBGene00000664
F17C8.4	WBGene00004311
F17C8.5	WBGene00006661
F17C8.7	WBGene00008912
F17E9.12	WBGene00001905
F17E9.9	WBGene00001908
F17H10.2	WBGene00008926
F18A1.6	WBGene00017547
F18A11.2	WBGene00008929
F18C5.10	WBGene00017563
F18C5.5	WBGene00017560
F18E9.3	WBGene00017569
F18E9.4	WBGene00017570
F18F11.3	WBGene00017576
F18F11.4	WBGene00017577
F18G5.2	WBGene00003981
F18G5.4	WBGene00017580
F19B2.5	WBGene00008944
F19C6.4	WBGene00008953
F19C7.7	WBGene00000684
F19G12.4	WBGene00017612
F19H8.2	WBGene00008963
F19H8.4	WBGene00008964
F20A1.7	WBGene00006666
F20B10.3	WBGene00008967
F20B6.3	WBGene00003412
F20C5.4	WBGene00008969
F20D1.8	WBGene00008978
F20D6.5	WBGene00017635
F20E11.17	WBGene00050906
F20G2.3	WBGene00008987
F20G2.5	WBGene00008988
F20G4.2	WBGene00008991
F20H11.5	WBGene00017648
F21A3.3	WBGene00008993
F21A3.4	WBGene00008994
F21A9.2	WBGene00017651
F21C10.4	WBGene00017654
F21C10.8	WBGene00004119
F21C10.9	WBGene00017658
F21C3.1	WBGene00006656
F21D9.4	WBGene00009018
F21E9.2	WBGene00017666
F21E9.3	WBGene00017667
F21G4.2	WBGene00003410
F21G4.3	WBGene00009024
F21G4.4	WBGene00009025
F21G4.5	WBGene00009026
F21H12.7	WBGene00044287
F22A3.1	WBGene00017687
F22A3.5	WBGene00017690
F22B3.1	WBGene00001938
F22B3.2	WBGene00001937
F22B5.6	WBGene00009044
F22B7.1	WBGene00017692
F22B7.10	WBGene00001078
F22B7.9	WBGene00017698
F22D3.5	WBGene00017701
F22D6.1	WBGene00002198
F22D6.10	WBGene00000636
F22E10.3	WBGene00004008
F22E12.3	WBGene00009060
F22E5.12	WBGene00017710
F22E5.21	WBGene00044363
F22F4.1	WBGene00017716
F22F4.4	WBGene00017717
F22F7.1	WBGene00017719
F22F7.3	WBGene00017721
F22F7.7	WBGene00017724
F23B12.4	WBGene00009081
F23D12.1	WBGene00009085
F23D12.6	WBGene00009090
F23F1.2	WBGene00017743
F23F1.4	WBGene00017745
F23F1.6	WBGene00017747
F23F1.7	WBGene00017748
F23F12.12	WBGene00017756
F23F12.3	WBGene00017751
F23F12.8	WBGene00017754
F23H11.6	WBGene00017761
F23H12.4	WBGene00005018
F23H12.5	WBGene00009094
F23H12.8	WBGene00009096
F23H12.9	WBGene00009097
F25B3.2	WBGene00009099
F25B5.3	WBGene00017775
F25D1.3	WBGene00009108
F25E2.4	WBGene00002058
F25E5.2	WBGene00017783
F25E5.4	WBGene00017785
F25E5.5	WBGene00017786
F25E5.8	WBGene00017789
F25F8.2	WBGene00001592
F25G6.6	WBGene00003816
F25G6.7	WBGene00017798
F25H8.6	WBGene00009133
F26A1.9	WBGene00017807
F26A10.2	WBGene00017814
F26A3.6	WBGene00009144
F26B1.4	WBGene00000634
F26D10.11	WBGene00009155
F26D11.2	WBGene00017819
F26D2.3	WBGene00009148
F26E4.2	WBGene00009157
F26F12.1	WBGene00000713
F26F12.4	WBGene00017835
F26F12.5	WBGene00017836
F26F2.8	WBGene00023504
F26F4.4	WBGene00017826
F26G1.10	WBGene00044663
F26G1.2	WBGene00017838
F26G1.3	WBGene00017839
F26G1.4	WBGene00017840
F26G1.5	WBGene00017841
F26G1.6	WBGene00017842
F26G1.9	WBGene00044662
F27C1.8	WBGene00001067
F27C8.1	WBGene00000002
F27D9.6	WBGene00000992
F27D9.7	WBGene00017865
F27E11.2	WBGene00017868
F27E5.2	WBGene00003939
F27E5.4	WBGene00004017
F27E5.5	WBGene00009194
F27E5.7	WBGene00044035
F28A12.2	WBGene00001721
F28B3.4	WBGene00017885
F28C6.5	WBGene00009205
F28D1.3	WBGene00009213
F28D1.5	WBGene00009215
F28D1.9	WBGene00009218
F28F5.3	WBGene00017904
F28F5.4	WBGene00043297
F28F5.6	WBGene00017905
F28G4.2	WBGene00009227
F28G4.4	WBGene00009229
F28H6.8	WBGene00044137
F28H7.6	WBGene00009239
F28H7.8	WBGene00009241
F29B9.8	WBGene00017923
F29B9.9	WBGene00000685
F29C12.1	WBGene00004120
F29D10.2	WBGene00009251
F29D11.1	WBGene00003071
F29F11.1	WBGene00005022
F29G6.1	WBGene00009257
F29G9.2	WBGene00017931
F30A10.13	WBGene00044680
F30A10.2	WBGene00009261
F30B5.1	WBGene00001074
F30B5.7	WBGene00017936
F30F8.5	WBGene00009274
F30H5.3	WBGene00017937
F31A3.3	WBGene00017938
F31B9.2	WBGene00009279
F31B9.4	WBGene00009281
F31C3.6	WBGene00009288
F31D4.5	WBGene00009292
F31D4.6	WBGene00006622
F31D5.1	WBGene00017944
F31D5.5	WBGene00017948
F31E8.4	WBGene00017954
F31F4.11	WBGene00017960
F31F4.15	WBGene00017962
F31F4.7	WBGene00017959
F31F6.5	WBGene00000902
F31F6.6	WBGene00003517
F31F6.8	WBGene00044138
F31F7.1	WBGene00017964
F32A11.6	WBGene00003388
F32A11.7	WBGene00009311
F32A5.2	WBGene00017968
F32A5.4	WBGene00017970
F32B4.8	WBGene00009318
F32B5.8	WBGene00000788
F32B6.9	WBGene00009323
F32D1.11	WBGene00044530
F32D1.4	WBGene00001722
F32D8.1	WBGene00009326
F32D8.3	WBGene00009328
F32D8.7	WBGene00009331
F32E10.3	WBGene00017991
F32G8.4	WBGene00009340
F32G8.5	WBGene00000725
F32H2.11	WBGene00043049
F32H2.5	WBGene00009342
F32H2.6	WBGene00009343
F32H5.1	WBGene00009347
F32H5.3	WBGene00009349
F33A8.10	WBGene00009356
F33A8.7	WBGene00009355
F33A8.9	WBGene00000658
F33D11.3	WBGene00000631
F33D4.2	WBGene00002173
F33D4.6	WBGene00017998
F33E2.4	WBGene00009360
F33H1.6	WBGene00044028
F33H2.8	WBGene00009371
F35A5.2	WBGene00018025
F35A5.3	WBGene00000033
F35A5.4	WBGene00018026
F35A5.5	WBGene00018027
F35B12.2	WBGene00000983
F35B12.4	WBGene00009384
F35B12.6	WBGene00009386
F35B3.4	WBGene00018031
F35C11.5	WBGene00009404
F35C12.2	WBGene00003569
F35C12.3	WBGene00009408
F35C5.10	WBGene00009398
F35C5.11	WBGene00009399
F35C5.12	WBGene00009400
F35D11.11	WBGene00018051
F35D11.2	WBGene00004122
F35D11.3	WBGene00018044
F35D2.1	WBGene00018039
F35D2.2	WBGene00018040
F35D2.3	WBGene00018041
F35E12.5	WBGene00009429
F35E8.10	WBGene00009423
F35E8.11	WBGene00000412
F35E8.13	WBGene00009424
F35E8.8	WBGene00001786
F35F10.1	WBGene00018052
F35F10.14	WBGene00018063
F35F10.5	WBGene00018055
F35F10.6	WBGene00018056
F35F10.7	WBGene00018057
F35G12.6	WBGene00003112
F35G2.4	WBGene00004025
F35G2.5	WBGene00009438
F35G8.2	WBGene00044788
F35H10.10	WBGene00018073
F35H10.11	WBGene00001903
F35H10.3	WBGene00018069
F35H8.2	WBGene00009447
F36A4.10	WBGene00000611
F36A4.6	WBGene00000610
F36D1.8	WBGene00009467
F36D3.9	WBGene00000782
F36D4.3	WBGene00002036
F36D4.5	WBGene00018090
F36G3.1	WBGene00009482
F36G9.3	WBGene00009485
F36H1.10	WBGene00009495
F36H1.11	WBGene00009496
F36H1.5	WBGene00009493
F36H1.6	WBGene00000109
F36H9.2	WBGene00018111
F36H9.4	WBGene00018112
F36H9.5	WBGene00018113
F37A4.3	WBGene00018133
F37B1.1	WBGene00001772
F37B1.2	WBGene00001760
F37B1.3	WBGene00001762
F37B1.4	WBGene00001763
F37B1.8	WBGene00001767
F37B4.7	WBGene00018138
F37C12.10	WBGene00018153
F37C4.2	WBGene00018142
F37C4.4	WBGene00018144
F37D6.4	WBGene00009510
F38A1.10	WBGene00009523
F38A1.14	WBGene00009526
F38A1.5	WBGene00009518
F38A1.9	WBGene00009522
F38A3.1	WBGene00000657
F38A3.2	WBGene00004300
F38A5.12	WBGene00018169
F38A5.14	WBGene00018170
F38A5.3	WBGene00002274
F38A5.5	WBGene00018162
F38A5.9	WBGene00018166
F38A6.4	WBGene00009528
F38B6.2	WBGene00018172
F38B6.4	WBGene00018174
F38B6.5	WBGene00000745
F38B6.7	WBGene00018176
F38B7.1	WBGene00009532
F38B7.5	WBGene00001110
F38E11.12	WBGene00000563
F38E9.1	WBGene00018184
F38H12.3	WBGene00018189
F38H4.10	WBGene00009551
F38H4.3	WBGene00009547
F39C12.1	WBGene00018193
F39C12.2	WBGene00000072
F39C12.3	WBGene00006640
F39D8.1	WBGene00004123
F39D8.2	WBGene00009560
F39D8.3	WBGene00009561
F39D8.4	WBGene00003532
F39E9.11	WBGene00018200
F39E9.2	WBGene00018195
F39F10.4	WBGene00018204
F39H12.4	WBGene00018215
F40A3.2	WBGene00018217
F40A3.4	WBGene00018219
F40C5.3	WBGene00001736
F40E10.5	WBGene00009573
F40E3.5	WBGene00018232
F40F12.1	WBGene00009590
F40F12.4	WBGene00009593
F40F4.8	WBGene00004124
F40F9.5	WBGene00009582
F40F9.9	WBGene00000172
F40H3.1	WBGene00018249
F40H3.2	WBGene00018250
F40H3.3	WBGene00018251
F40H3.5	WBGene00002030
F41A4.1	WBGene00018256
F41B4.1	WBGene00018257
F41B5.3	WBGene00018261
F41B5.4	WBGene00018262
F41C3.1	WBGene00018267
F41C3.11	WBGene00018275
F41C3.2	WBGene00018268
F41C3.7	WBGene00018273
F41C6.5	WBGene00000746
F41D3.3	WBGene00009608
F41D3.8	WBGene00009613
F41D9.2	WBGene00018282
F41D9.5	WBGene00018283
F41E6.11	WBGene00018292
F41E6.12	WBGene00018293
F41E6.14	WBGene00018295
F41E6.15	WBGene00044554
F41E6.2	WBGene00001694
F41E6.7	WBGene00018288
F41E6.8	WBGene00018289
F41E7.5	WBGene00009621
F41E7.8	WBGene00009624
F41E7.9	WBGene00009625
F41F3.3	WBGene00018297
F41F3.4	WBGene00000712
F41F3.8	WBGene00044533
F41G3.10	WBGene00018303
F41G3.2	WBGene00018299
F41G3.21	WBGene00044316
F41G3.3	WBGene00018300
F41H10.5	WBGene00018318
F41H10.7	WBGene00001243
F41H10.8	WBGene00001244
F42A8.1	WBGene00009626
F42C5.10	WBGene00018350
F42C5.7	WBGene00001713
F42D1.2	WBGene00009628
F42F12.3	WBGene00009635
F42G2.5	WBGene00018354
F42G4.5	WBGene00009642
F42G4.7	WBGene00009644
F42G9.2	WBGene00000882
F42G9.8	WBGene00018365
F42H10.6	WBGene00018370
F43B10.2	WBGene00018374
F43C1.5	WBGene00009649
F43C1.7	WBGene00023423
F43C11.3	WBGene00018380
F43C11.6	WBGene00018383
F43C11.7	WBGene00018384
F43C9.1	WBGene00018375
F43C9.3	WBGene00018377
F43D2.6	WBGene00044191
F43D9.1	WBGene00009653
F43G9.11	WBGene00000468
F43G9.9	WBGene00000777
F44A6.3	WBGene00009675
F44A6.5	WBGene00009677
F44B9.1	WBGene00001059
F44C4.3	WBGene00000784
F44C8.7	WBGene00018414
F44D12.1	WBGene00009678
F44D12.3	WBGene00009680
F44D12.4	WBGene00009681
F44D12.5	WBGene00009682
F44D12.7	WBGene00009684
F44E2.10	WBGene00018423
F44E2.4	WBGene00018418
F44E5.4	WBGene00009691
F44E5.5	WBGene00009692
F44E7.2	WBGene00018424
F44E7.8	WBGene00018430
F44F4.3	WBGene00009702
F44F4.4	WBGene00004222
F44F4.5	WBGene00005036
F44F4.6	WBGene00001626
F44G4.6	WBGene00009715
F45B8.3	WBGene00009720
F45D11.1	WBGene00018448
F45D11.10	WBGene00018456
F45D11.14	WBGene00018459
F45D11.15	WBGene00018460
F45D11.16	WBGene00018461
F45D3.3	WBGene00009723
F45E1.4	WBGene00018465
F45E1.7	WBGene00018467
F45E4.5	WBGene00018470
F45E4.7	WBGene00018472
F45E6.3	WBGene00009726
F45F2.12	WBGene00001882
F45F2.13	WBGene00001880
F45F2.3	WBGene00001879
F45F2.4	WBGene00001881
F45F2.6	WBGene00018479
F45F2.7	WBGene00018480
F45G2.1	WBGene00003520
F45G2.5	WBGene00000255
F45H11.4	WBGene00003233
F45H11.6	WBGene00077521
F45H7.4	WBGene00004183
F46B3.4	WBGene00009759
F46B3.5	WBGene00001691
F46C3.3	WBGene00002037
F46C5.1	WBGene00009778
F46C5.3	WBGene00003544
F46C8.2	WBGene00000747
F46C8.5	WBGene00000438
F46C8.6	WBGene00001069
F46C8.8	WBGene00018487
F46E10.11	WBGene00018492
F46E10.8	WBGene00006721
F46E10.9	WBGene00001073
F46F11.1	WBGene00018508
F46F11.7	WBGene00018510
F46F2.2	WBGene00002203
F46F2.3	WBGene00009787
F46F3.3	WBGene00009791
F46G11.1	WBGene00018514
F46G11.2	WBGene00018515
F46G11.6	WBGene00045269
F46H6.5	WBGene00023460
F47A4.5	WBGene00009801
F47B10.2	WBGene00009813
F47B10.5	WBGene00009816
F47B10.7	WBGene00009818
F47B10.9	WBGene00009820
F47B7.2	WBGene00018533
F47B7.4	WBGene00018535
F47B7.7	WBGene00018538
F47B8.10	WBGene00009811
F47B8.5	WBGene00009806
F47B8.6	WBGene00009807
F47B8.8	WBGene00009809
F47C10.4	WBGene00018542
F47C12.2	WBGene00018547
F47F2.3	WBGene00018571
F47F6.1	WBGene00018572
F47F6.3	WBGene00018573
F47G3.1	WBGene00018576
F47G4.3	WBGene00009824
F47G9.3	WBGene00009830
F47H4.10	WBGene00004811
F48A11.1	WBGene00000497
F48B9.3	WBGene00018589
F48B9.5	WBGene00018591
F48C5.1	WBGene00009842
F48D6.4	WBGene00018602
F48E3.4	WBGene00018605
F48E3.7	WBGene00000061
F48E3.8	WBGene00018607
F48F7.3	WBGene00009849
F48G7.5	WBGene00018616
F48G7.7	WBGene00018618
F48G7.8	WBGene00018619
F49A5.4	WBGene00009856
F49B2.6	WBGene00009865
F49C12.7	WBGene00009877
F49C5.11	WBGene00044163
F49D11.6	WBGene00018630
F49E10.2	WBGene00018640
F49E10.4	WBGene00018641
F49E10.5	WBGene00006424
F49E11.1	WBGene00003150
F49E11.11	WBGene00009896
F49E11.2	WBGene00009889
F49E11.5	WBGene00009891
F49E12.1	WBGene00009897
F49E12.10	WBGene00009903
F49E12.12	WBGene00009904
F49E12.2	WBGene00009898
F49E12.6	WBGene00009899
F49H12.5	WBGene00018656
F49H12.6	WBGene00018657
F52A8.1	WBGene00009915
F52A8.3	WBGene00009916
F52B11.3	WBGene00009926
F52B11.4	WBGene00000707
F52C12.5	WBGene00001253
F52C9.5	WBGene00018675
F52D1.2	WBGene00018683
F52D1.3	WBGene00004127
F52E1.5	WBGene00018694
F52E10.5	WBGene00002051
F52E4.5	WBGene00018702
F52E4.6	WBGene00006948
F52F10.2	WBGene00018706
F52F12.1	WBGene00003842
F52G3.5	WBGene00018713
F52H2.6	WBGene00018718
F52H3.5	WBGene00009947
F53A2.9	WBGene00009953
F53A9.3	WBGene00018726
F53A9.9	WBGene00018732
F53B1.4	WBGene00018737
F53B1.6	WBGene00018738
F53B2.8	WBGene00009957
F53B3.2	WBGene00018741
F53B3.3	WBGene00018742
F53B3.5	WBGene00018743
F53B3.6	WBGene00018744
F53B6.8	WBGene00009963
F53B6.9	WBGene00009964
F53C11.9	WBGene00044921
F53C3.12	WBGene00018755
F53E10.4	WBGene00018760
F53E4.1	WBGene00009978
F53F1.2	WBGene00009980
F53F1.4	WBGene00009982
F53F1.5	WBGene00009983
F53F4.1	WBGene00009985
F53F4.15	WBGene00009997
F53F4.2	WBGene00009986
F53F4.5	WBGene00001479
F53F4.6	WBGene00004328
F53F8.1	WBGene00009998
F53F8.4	WBGene00010001
F53G12.5	WBGene00003229
F53H4.2	WBGene00010007
F53H4.3	WBGene00010008
F53H4.5	WBGene00010010
F53H8.3	WBGene00018779
F54B11.10	WBGene00010033
F54B11.2	WBGene00000621
F54B11.4	WBGene00010027
F54B8.1	WBGene00010016
F54B8.3	WBGene00010018
F54C1.1	WBGene00018789
F54C8.7	WBGene00010040
F54C9.11	WBGene00010045
F54C9.3	WBGene00010041
F54C9.4	WBGene00000615
F54D1.2	WBGene00000700
F54D1.3	WBGene00000701
F54D1.4	WBGene00003606
F54D10.8	WBGene00018809
F54D5.12	WBGene00010055
F54D5.15	WBGene00010057
F54D5.5	WBGene00010051
F54D8.1	WBGene00001076
F54E12.1	WBGene00001929
F54E12.3	WBGene00001930
F54E12.4	WBGene00001932
F54E12.5	WBGene00001931
F54E2.3	WBGene00004130
F54E7.6	WBGene00018829
F54F11.1	WBGene00010069
F54F3.3	WBGene00010062
F54F7.3	WBGene00010065
F54G8.5	WBGene00004223
F54H12.7	WBGene00044633
F55A11.11	WBGene00010082
F55A11.5	WBGene00044631
F55A11.7	WBGene00010080
F55A12.9	WBGene00004131
F55A4.10	WBGene00018861
F55A4.4	WBGene00018856
F55A4.7	WBGene00018859
F55A8.1	WBGene00001186
F55B11.2	WBGene00010084
F55B12.2	WBGene00010088
F55C10.2	WBGene00000727
F55C10.3	WBGene00000728
F55C10.4	WBGene00010108
F55C12.6	WBGene00018873
F55C5.11	WBGene00044791
F55C5.3	WBGene00006677
F55C9.5	WBGene00010102
F55D12.1	WBGene00010110
F55D12.4	WBGene00006790
F55F10.1	WBGene00018898
F55F8.1	WBGene00004224
F55F8.8	WBGene00018896
F55G1.1	WBGene00018899
F55G1.10	WBGene00001935
F55G1.11	WBGene00001934
F55G1.15	WBGene00018907
F55G1.2	WBGene00001933
F55G1.3	WBGene00001936
F55G11.1	WBGene00010122
F55H12.3	WBGene00010134
F55H12.4	WBGene00010135
F55H12.5	WBGene00010136
F55H2.1	WBGene00004933
F56A3.5	WBGene00000272
F56A4.2	WBGene00018910
F56A8.1	WBGene00010138
F56B3.1	WBGene00000677
F56B3.2	WBGene00018928
F56B6.6	WBGene00018937
F56C11.2	WBGene00004225
F56C11.5	WBGene00018957
F56C11.6	WBGene00018958
F56C3.2	WBGene00018939
F56C3.9	WBGene00018946
F56D1.5	WBGene00000969
F56D1.6	WBGene00023407
F56D2.3	WBGene00018965
F56D2.7	WBGene00000420
F56D3.1	WBGene00018969
F56D5.3	WBGene00010148
F56D6.15	WBGene00044642
F56D6.9	WBGene00044471
F56E3.3	WBGene00002217
F56F11.5	WBGene00018992
F56F4.5	WBGene00003878
F56G4.1	WBGene00010157
F56G4.2	WBGene00003977
F56G4.3	WBGene00010158
F56H1.1	WBGene00000493
F56H11.1	WBGene00001403
F56H6.5	WBGene00010166
F56H9.4	WBGene00001671
F56H9.6	WBGene00044198
F57B1.3	WBGene00000732
F57B1.4	WBGene00000733
F57B1.5	WBGene00010188
F57B1.9	WBGene00045488
F57B7.3	WBGene00000729
F57B7.4	WBGene00003248
F57B9.9	WBGene00004133
F57C12.1	WBGene00003554
F57C12.3	WBGene00001962
F57F4.3	WBGene00001581
F57F4.4	WBGene00019017
F57F5.1	WBGene00010204
F57F5.3	WBGene00010205
F57F5.4	WBGene00000073
F57G12.2	WBGene00010222
F57G8.7	WBGene00010216
F57H12.3	WBGene00003879
F57H12.6	WBGene00019021
F58A3.3	WBGene00010223
F58A3.4	WBGene00010224
F58A3.5	WBGene00010225
F58A4.11	WBGene00001570
F58A6.4	WBGene00003547
F58B3.1	WBGene00003093
F58B3.2	WBGene00003094
F58B3.3	WBGene00003095
F58B3.8	WBGene00001107
F58B4.5	WBGene00010238
F58B6.2	WBGene00019030
F58D5.2	WBGene00010242
F58E6.11	WBGene00010258
F58E6.13	WBGene00077697
F58E6.4	WBGene00010253
F58F12.4	WBGene00044756
F58F6.1	WBGene00000678
F58F6.2	WBGene00000679
F58G1.5	WBGene00010267
F58G1.6	WBGene00010268
F58G1.7	WBGene00010269
F58G4.1	WBGene00019064
F58G4.6	WBGene00006193
F58H1.2	WBGene00010285
F58H1.6	WBGene00010289
F58H10.1	WBGene00010291
F58H7.1	WBGene00019067
F59A3.1	WBGene00019074
F59A3.7	WBGene00019080
F59A7.1	WBGene00019089
F59A7.5	WBGene00019092
F59B1.10	WBGene00019101
F59B10.1	WBGene00004134
F59B10.3	WBGene00010319
F59B10.5	WBGene00010321
F59B10.6	WBGene00010322
F59B2.6	WBGene00006977
F59B8.2	WBGene00010317
F59C12.1	WBGene00000401
F59C6.16	WBGene00077764
F59C6.8	WBGene00010327
F59D12.2	WBGene00010330
F59D6.1	WBGene00019103
F59D6.3	WBGene00019105
F59D6.7	WBGene00019108
F59D8.1	WBGene00006927
F59D8.2	WBGene00006928
F59E11.5	WBGene00019111
F59E11.7	WBGene00019113
F59E12.12	WBGene00000252
F59F3.2	WBGene00000750
F59F4.1	WBGene00010336
F59F5.7	WBGene00010345
H01A20.1	WBGene00003602
H01G02.1	WBGene00010348
H02I12.6	WBGene00001940
H02I12.7	WBGene00001939
H02K04.1	WBGene00010355
H03E18.1	WBGene00019148
H03E18.2	WBGene00019149
H04M03.3	WBGene00019153
H04M03.4	WBGene00019154
H06H21.10	WBGene00019166
H06O01.3	WBGene00010370
H10E21.4	WBGene00019184
H11E01.2	WBGene00019187
H12D21.1	WBGene00010377
H13N06.2	WBGene00010396
H13N06.6	WBGene00006541
H14A12.5	WBGene00019197
H14E04.1	WBGene00019198
H14N18.4	WBGene00019204
H17B01.3	WBGene00019208
H19J13.1	WBGene00010403
H19M22.2	WBGene00002915
H19M22.3	WBGene00019212
H20E11.2	WBGene00019214
H22K11.3	WBGene00019226
H23N18.3	WBGene00019234
H23N18.4	WBGene00019235
H23N18.5	WBGene00019236
H23N18.6	WBGene00044534
H27A22.1	WBGene00010418
H30A04.1	WBGene00001148
H31G24.1	WBGene00019253
H32C10.2	WBGene00003019
H32K16.2	WBGene00010422
H38K22.5	WBGene00001631
H40L08.3	WBGene00010434
H41C03.1	WBGene00019268
H41C03.3	WBGene00019270
H42K12.3	WBGene00019272
JC8.12	WBGene00010442
K01A2.11	WBGene00019285
K01A2.2	WBGene00001391
K01A2.4	WBGene00019279
K01A2.5	WBGene00019280
K01A2.7	WBGene00000645
K01A6.4	WBGene00010446
K01C8.1	WBGene00010456
K01C8.2	WBGene00010457
K01C8.3	WBGene00006562
K01D12.10	WBGene00010469
K01D12.13	WBGene00010472
K01D12.14	WBGene00010473
K01D12.15	WBGene00010474
K01D12.5	WBGene00010464
K01D12.7	WBGene00010466
K01D12.8	WBGene00010467
K01D12.9	WBGene00010468
K01F9.2	WBGene00010475
K02A11.4	WBGene00044607
K02A2.1	WBGene00019288
K02A2.5	WBGene00019290
K02A4.1	WBGene00001149
K02B12.4	WBGene00010497
K02B12.6	WBGene00010499
K02B7.3	WBGene00010491
K02B9.4	WBGene00001251
K02C4.2	WBGene00010501
K02C4.4	WBGene00003089
K02D10.3	WBGene00019303
K02D3.2	WBGene00010505
K02D7.3	WBGene00000675
K02D7.6	WBGene00001735
K02E10.1	WBGene00019317
K02E10.4	WBGene00019318
K02E11.1	WBGene00010510
K02E11.10	WBGene00044109
K02E2.2	WBGene00001700
K02E2.4	WBGene00002118
K02E2.8	WBGene00010509
K02E7.1	WBGene00019306
K02E7.6	WBGene00019311
K02E7.7	WBGene00019312
K02E7.9	WBGene00019313
K02F3.6	WBGene00019329
K02G10.5	WBGene00019346
K02G10.7	WBGene00000176
K02H11.4	WBGene00019348
K03A1.4	WBGene00019352
K03A1.5	WBGene00006351
K03A1.6	WBGene00001912
K03A11.6	WBGene00045497
K03B4.7	WBGene00019357
K03B8.8	WBGene00010525
K03C7.2	WBGene00001441
K03E6.7	WBGene00019365
K03H1.3	WBGene00010538
K03H1.4	WBGene00010539
K03H6.2	WBGene00019368
K03H6.7	WBGene00044719
K03H9.2	WBGene00000651
K03H9.3	WBGene00019372
K04A8.2	WBGene00019374
K04A8.6	WBGene00001089
K04C2.5	WBGene00019382
K04E7.3	WBGene00003551
K04F1.9	WBGene00019388
K04G11.2	WBGene00004764
K04G2.7	WBGene00010566
K04H4.2	WBGene00010573
K04H4.5	WBGene00010574
K05B2.4	WBGene00019404
K05B2.5	WBGene00003986
K05F6.11	WBGene00044697
K06A1.3	WBGene00019426
K06A1.4	WBGene00003621
K06A4.1	WBGene00003522
K06A4.4	WBGene00010594
K06A4.5	WBGene00010595
K06A9.1	WBGene00019435
K06B9.1	WBGene00019438
K06C4.10	WBGene00001892
K06C4.11	WBGene00001893
K06C4.12	WBGene00001896
K06C4.13	WBGene00001901
K06C4.2	WBGene00001902
K06C4.3	WBGene00001895
K06C4.4	WBGene00001894
K06C4.5	WBGene00001891
K07A12.2	WBGene00010621
K07A3.2	WBGene00004226
K07B1.4	WBGene00019464
K07C10.1	WBGene00004227
K07C11.3	WBGene00019476
K07C5.7	WBGene00010630
K07C6.5	WBGene00019473
K07D4.6	WBGene00019486
K07D4.7	WBGene00019487
K07D8.1	WBGene00003497
K07E1.1	WBGene00019489
K07E3.3	WBGene00000929
K07G5.4	WBGene00010643
K07H8.12	WBGene00044509
K07H8.6	WBGene00006930
K08B12.1	WBGene00019520
K08B4.7	WBGene00023486
K08B5.1	WBGene00019518
K08B5.2	WBGene00019519
K08C7.2	WBGene00001476
K08C9.4	WBGene00000641
K08C9.5	WBGene00010652
K08D12.4	WBGene00019538
K08D12.5	WBGene00044618
K08D12.6	WBGene00019540
K08D8.6	WBGene00010660
K08E3.1	WBGene00010661
K08E5.3	WBGene00003482
K08E7.4	WBGene00010672
K08E7.5	WBGene00010673
K08F8.2	WBGene00000220
K08F8.7	WBGene00010683
K08H10.10	WBGene00077491
K08H10.4	WBGene00010697
K08H10.6	WBGene00010698
K08H2.4	WBGene00010691
K08H2.7	WBGene00010693
K09A11.2	WBGene00010705
K09B11.10	WBGene00010714
K09B3.1	WBGene00019545
K09C4.4	WBGene00019549
K09C4.5	WBGene00019550
K09C8.4	WBGene00010716
K09C8.5	WBGene00004257
K09C8.7	WBGene00010717
K09D9.1	WBGene00019564
K09D9.2	WBGene00019565
K09E10.1	WBGene00019579
K09E10.2	WBGene00019580
K09E4.6	WBGene00010723
K09F6.9	WBGene00019592
K09G1.1	WBGene00010727
K09H11.6	WBGene00019603
K09H11.7	WBGene00019604
K09H9.3	WBGene00000626
K09H9.5	WBGene00019597
K09H9.8	WBGene00045387
K10B3.1	WBGene00019609
K10B4.3	WBGene00019615
K10C2.5	WBGene00001715
K10C9.9	WBGene00044515
K10D3.4	WBGene00010738
K10F12.4	WBGene00019636
K10G6.1	WBGene00003017
K10G6.2	WBGene00019640
K10G6.3	WBGene00004751
K10G9.1	WBGene00010755
K10H10.1	WBGene00010758
K10H10.10	WBGene00010765
K10H10.12	WBGene00045403
K10H10.2	WBGene00010759
K10H10.3	WBGene00000972
K10H10.4	WBGene00010760
K10H10.5	WBGene00010761
K11C4.3	WBGene00006803
K11C4.4	WBGene00003844
K11C4.5	WBGene00006801
K11D12.3	WBGene00005655
K11D12.4	WBGene00019644
K11D12.8	WBGene00019648
K11E4.2	WBGene00010774
K11G12.1	WBGene00003530
K11G9.1	WBGene00019652
K11G9.3	WBGene00019654
K11G9.5	WBGene00019655
K11H12.11	WBGene00044723
K11H12.7	WBGene00019663
K11H3.3	WBGene00010780
K12C11.3	WBGene00019674
K12C11.7	WBGene00045053
K12G11.1	WBGene00010788
K12G11.2	WBGene00010789
K12G11.3	WBGene00010790
M01B2.1	WBGene00002211
M01B2.6	WBGene00010799
M01B2.8	WBGene00010801
M01E10.2	WBGene00001063
M01F1.5	WBGene00010811
M01F1.7	WBGene00010813
M01H9.1	WBGene00019717
M01H9.2	WBGene00019718
M01H9.5	WBGene00019721
M02B1.1	WBGene00005153
M02B7.6	WBGene00000287
M02D8.2	WBGene00019728
M02F4.8	WBGene00000175
M02G9.1	WBGene00010830
M02G9.2	WBGene00010831
M02G9.3	WBGene00010832
M03A1.3	WBGene00019746
M03A1.7	WBGene00000928
M03A1.8	WBGene00077490
M03A8.2	WBGene00019748
M03B6.3	WBGene00010835
M03D4.4	WBGene00019751
M03E7.2	WBGene00019754
M03E7.4	WBGene00019756
M03F4.7	WBGene00019760
M03F8.1	WBGene00019761
M03F8.2	WBGene00004206
M03F8.5	WBGene00019764
M04B2.5	WBGene00006678
M04C3.1	WBGene00010850
M05D6.9	WBGene00010881
M110.1	WBGene00000652
M110.5	WBGene00000894
M110.9	WBGene00010917
M142.2	WBGene00000853
M153.1	WBGene00010924
M153.3	WBGene00010926
M153.5	WBGene00045481
M162.2	WBGene00010928
M162.5	WBGene00010931
M163.1	WBGene00010935
M163.2	WBGene00010936
M163.8	WBGene00010940
M176.6	WBGene00002199
M176.7	WBGene00002200
M18.1	WBGene00000703
M18.2	WBGene00010888
M195.1	WBGene00000653
M195.2	WBGene00010948
M28.1	WBGene00010893
M28.8	WBGene00010899
M6.1	WBGene00002056
M60.7	WBGene00019782
M7.3	WBGene00000246
M88.4	WBGene00010907
M88.6	WBGene00003915
R01E6.2	WBGene00010968
R01H10.4	WBGene00010972
R01H2.7	WBGene00023414
R01H2.8	WBGene00045190
R02C2.7	WBGene00019818
R02D3.1	WBGene00019819
R02E4.3	WBGene00044724
R02F11.1	WBGene00019839
R02F2.8	WBGene00019837
R03A10.5	WBGene00010985
R03C1.1	WBGene00010987
R03E9.2	WBGene00019843
R03G8.6	WBGene00011000
R03H10.2	WBGene00019855
R03H4.6	WBGene00044617
R04A9.6	WBGene00019865
R04B3.1	WBGene00019866
R04B3.3	WBGene00019868
R04B5.3	WBGene00011002
R04B5.5	WBGene00011003
R04B5.6	WBGene00011004
R04B5.9	WBGene00011006
R04E5.10	WBGene00002057
R05A10.1	WBGene00011018
R05A10.5	WBGene00011022
R05A10.6	WBGene00011023
R05A10.7	WBGene00011024
R05A10.8	WBGene00011025
R05D3.3	WBGene00019878
R05D3.9	WBGene00019882
R05D8.10	WBGene00000978
R05D8.7	WBGene00019885
R05D8.8	WBGene00000977
R05D8.9	WBGene00019886
R05F9.12	WBGene00019895
R05F9.5	WBGene00001757
R05G6.1	WBGene00019896
R05G6.9	WBGene00019901
R05G9R.1	WBGene00019906
R05H10.1	WBGene00011042
R05H10.6	WBGene00000399
R05H11.2	WBGene00019908
R05H5.7	WBGene00011041
R06A10.1	WBGene00019909
R06A10.4	WBGene00019911
R06A4.10	WBGene00000059
R06B9.4	WBGene00011055
R06B9.6	WBGene00003246
R06C7.10	WBGene00002348
R06F6.7	WBGene00011070
R07A4.3	WBGene00011074
R07A4.4	WBGene00011075
R07B1.11	WBGene00011082
R07B1.3	WBGene00011076
R07B1.5	WBGene00011077
R07B1.7	WBGene00011079
R07B1.8	WBGene00001608
R07B1.9	WBGene00011081
R07B7.11	WBGene00011095
R07B7.13	WBGene00011097
R07B7.6	WBGene00011090
R07E3.2	WBGene00011103
R07E3.6	WBGene00011107
R07E4.1	WBGene00019935
R07E5.4	WBGene00011112
R07E5.5	WBGene00011113
R07G3.2	WBGene00019939
R07G3.6	WBGene00003888
R07G3.8	WBGene00019944
R07H5.9	WBGene00011129
R08A2.5	WBGene00011136
R08B4.1	WBGene00001690
R08B4.4	WBGene00011140
R08C7.1	WBGene00019945
R08C7.4	WBGene00019948
R08E3.4	WBGene00019960
R08E5.1	WBGene00019961
R08E5.2	WBGene00019962
R08E5.3	WBGene00019963
R08F11.4	WBGene00019968
R08F11.7	WBGene00019970
R08H2.1	WBGene00000986
R09A1.3	WBGene00019973
R09A8.4	WBGene00000755
R09B5.11	WBGene00019979
R09B5.3	WBGene00000556
R09B5.5	WBGene00004139
R09B5.6	WBGene00019978
R09B5.8	WBGene00000557
R09E10.1	WBGene00011171
R09E10.5	WBGene00011175
R09E10.7	WBGene00004140
R09E12.9	WBGene00044514
R09F10.2	WBGene00000032
R09F10.4	WBGene00002127
R09F10.7	WBGene00004141
R107.1	WBGene00003518
R10A10.2	WBGene00019993
R10D12.1	WBGene00011185
R10D12.7	WBGene00011188
R10D12.9	WBGene00011190
R10E9.3	WBGene00011215
R10H1.4	WBGene00023416
R10H1.5	WBGene00003542
R11.2	WBGene00011227
R11A5.7	WBGene00011235
R11A8.3	WBGene00011238
R11D1.3	WBGene00011244
R11E3.2	WBGene00020004
R11E3.4	WBGene00020006
R11G1.1	WBGene00020010
R11G1.2	WBGene00020011
R11G10.1	WBGene00000233
R12A1.3	WBGene00020017
R12C12.10	WBGene00044395
R12E2.14	WBGene00020039
R12E2.15	WBGene00020040
R12E2.6	WBGene00020032
R12E2.7	WBGene00020033
R12E2.8	WBGene00020034
R12G8.1	WBGene00011254
R13.3	WBGene00011258
R13A5.10	WBGene00020052
R13A5.3	WBGene00020047
R13A5.6	WBGene00020049
R13D11.8	WBGene00020062
R13D7.7	WBGene00001789
R13H4.2	WBGene00014826
R13H4.3	WBGene00011262
R13H4.8	WBGene00011266
R13H9.4	WBGene00003446
R148.5	WBGene00020104
R148.7	WBGene00020105
R151.2	WBGene00020107
R151.5	WBGene00006592
R166.1	WBGene00003107
R17.3	WBGene00011269
R186.4	WBGene00003031
R186.6	WBGene00011307
R52.3	WBGene00020075
R53.2	WBGene00011272
R57.2	WBGene00020083
R74.2	WBGene00011278
R90.2	WBGene00011284
R90.3	WBGene00011285
R90.4	WBGene00011286
T01B10.2	WBGene00001703
T01B11.2	WBGene00020139
T01B11.7	WBGene00003837
T01B4.1	WBGene00006674
T01B4.3	WBGene00011310
T01B6.1	WBGene00020134
T01B7.7	WBGene00004397
T01B7.8	WBGene00011313
T01B7.9	WBGene00011314
T01C3.11	WBGene00011325
T01C3.4	WBGene00011321
T01C4.1	WBGene00020141
T01C4.4	WBGene00005925
T01C4.8	WBGene00044546
T01C8.2	WBGene00020143
T01D1.3	WBGene00020148
T01D1.4	WBGene00020149
T01D1.6	WBGene00000034
T01D1.8	WBGene00044641
T01D3.3	WBGene00011328
T01G5.8	WBGene00077585
T01G6.5	WBGene00020152
T02B5.1	WBGene00011362
T02B5.3	WBGene00011364
T02C1.1	WBGene00011365
T02C5.1	WBGene00020158
T02E9.2	WBGene00001716
T03D3.1	WBGene00020182
T03D8.4	WBGene00001723
T03D8.6	WBGene00011393
T03D8.7	WBGene00011394
T03E6.7	WBGene00000776
T03E6.8	WBGene00011397
T03F6.1	WBGene00011398
T03F6.3	WBGene00011399
T03F6.4	WBGene00011400
T03F6.6	WBGene00011401
T03F6.9	WBGene00045482
T03F7.7	WBGene00011404
T03G6.1	WBGene00020194
T04A11.1	WBGene00011416
T04A11.2	WBGene00011417
T04A11.3	WBGene00011418
T04A11.4	WBGene00011419
T04A11.5	WBGene00011420
T04A6.1	WBGene00020200
T04A8.12	WBGene00007045
T04A8.5	WBGene00011407
T04B2.6	WBGene00011424
T04C12.1	WBGene00011427
T04C12.7	WBGene00011429
T04F3.5	WBGene00077538
T04F8.4	WBGene00011443
T04F8.8	WBGene00011446
T04F8.9	WBGene00011447
T04G9.2	WBGene00003534
T04G9.4	WBGene00020215
T04H1.3	WBGene00011450
T04H1.6	WBGene00003075
T04H1.7	WBGene00011452
T05A1.2	WBGene00000696
T05A1.5	WBGene00011456
T05A10.6	WBGene00011463
T05A7.1	WBGene00020219
T05A7.7	WBGene00020224
T05B11.1	WBGene00020245
T05B4.11	WBGene00020242
T05B4.12	WBGene00020243
T05B4.2	WBGene00003647
T05B4.3	WBGene00020237
T05B4.8	WBGene00020239
T05C1.1	WBGene00020248
T05C1.3	WBGene00020250
T05C12.10	WBGene00004264
T05C12.11	WBGene00011473
T05C12.4	WBGene00011468
T05C12.9	WBGene00011472
T05C3.4	WBGene00001727
T05D4.3	WBGene00011476
T05D4.4	WBGene00003887
T05E12.6	WBGene00011487
T05E7.4	WBGene00020260
T05F1.10	WBGene00000968
T05G5.11	WBGene00004097
T05G5.12	WBGene00000932
T05H4.15	WBGene00020276
T05H4.7	WBGene00020270
T06A1.1	WBGene00020277
T06A1.5	WBGene00020280
T06A4.1	WBGene00020281
T06A4.3	WBGene00020283
T06C12.10	WBGene00011517
T06C12.7	WBGene00003674
T06D8.1	WBGene00011522
T06D8.10	WBGene00011530
T06D8.3	WBGene00011524
T06E4.10	WBGene00011537
T06E4.11	WBGene00004146
T06E4.12	WBGene00044011
T06E4.14	WBGene00077691
T06E4.4	WBGene00000720
T06E4.5	WBGene00011533
T06E4.6	WBGene00000719
T06E4.8	WBGene00011535
T06E4.9	WBGene00011536
T06E6.3	WBGene00005931
T06E8.1	WBGene00011543
T06G6.12	WBGene00011551
T06G6.6	WBGene00011548
T07A5.1	WBGene00011554
T07A5.3	WBGene00011556
T07A9.7	WBGene00001666
T07C12.11	WBGene00011575
T07C12.8	WBGene00011572
T07C4.1	WBGene00011559
T07C4.5	WBGene00011561
T07D3.4	WBGene00020307
T07D3.9	WBGene00020311
T07F10.1	WBGene00011587
T07F10.4	WBGene00011590
T07F12.1	WBGene00020321
T07G12.2	WBGene00011593
T07G12.3	WBGene00011594
T07H3.1	WBGene00006464
T07H3.3	WBGene00020326
T07H3.4	WBGene00020327
T07H3.6	WBGene00020329
T07H6.3	WBGene00000739
T07H8.6	WBGene00004229
T08A9.11	WBGene00020339
T08A9.2	WBGene00020335
T08B1.2	WBGene00006589
T08B1.6	WBGene00020343
T08B2.2	WBGene00000633
T08G11.3	WBGene00011630
T08G2.2	WBGene00020365
T08G2.3	WBGene00020366
T08G5.1	WBGene00011622
T08G5.10	WBGene00003474
T08G5.3	WBGene00011624
T09A12.2	WBGene00020373
T09B4.4	WBGene00020378
T09B4.7	WBGene00020381
T09B9.1	WBGene00011642
T09B9.2	WBGene00011643
T09D3.8	WBGene00044538
T09F5.1	WBGene00011665
T09F5.9	WBGene00011668
T09H2.1	WBGene00020386
T10B10.1	WBGene00000618
T10B10.2	WBGene00011679
T10B11.1	WBGene00020397
T10B5.10	WBGene00020396
T10B5.8	WBGene00020394
T10B9.2	WBGene00011672
T10B9.7	WBGene00011676
T10C6.11	WBGene00001878
T10C6.12	WBGene00001877
T10C6.13	WBGene00001876
T10C6.14	WBGene00001875
T10E10.1	WBGene00000741
T10E10.2	WBGene00000740
T10E10.4	WBGene00020421
T10E10.5	WBGene00000742
T10E10.6	WBGene00000743
T10E10.7	WBGene00000744
T10E9.3	WBGene00020413
T10E9.8	WBGene00020418
T10G3.1	WBGene00011692
T10G3.3	WBGene00011694
T10H10.1	WBGene00002039
T10H10.2	WBGene00020426
T10H4.10	WBGene00011698
T10H4.11	WBGene00011699
T10H4.12	WBGene00000783
T10H9.1	WBGene00020424
T10H9.5	WBGene00004062
T10H9.8	WBGene00044779
T11B7.2	WBGene00011707
T11B7.3	WBGene00000692
T11F8.5	WBGene00044499
T11F9.11	WBGene00000982
T11F9.2	WBGene00006486
T11F9.6	WBGene00003541
T11F9.9	WBGene00000730
T12A7.1	WBGene00001577
T12B3.2	WBGene00020445
T12B5.14	WBGene00050913
T12B5.15	WBGene00050914
T12D8.5	WBGene00011733
T12E12.6	WBGene00020465
T13A10.10	WBGene00000005
T13B5.1	WBGene00004902
T13B5.4	WBGene00000617
T13C2.2	WBGene00020478
T13C2.6	WBGene00020481
T13C5.2	WBGene00020483
T13C5.3	WBGene00020484
T13C5.7	WBGene00020487
T13F2.1	WBGene00001396
T13F2.4	WBGene00011744
T13F2.8	WBGene00000301
T13F3.3	WBGene00003717
T13F3.6	WBGene00011753
T13H10.2	WBGene00011762
T13H5.2	WBGene00011756
T13H5.3	WBGene00011757
T14A8.2	WBGene00020497
T14B4.4	WBGene00006636
T14B4.5	WBGene00020501
T14B4.6	WBGene00001064
T14B4.7	WBGene00001072
T14D7.2	WBGene00011768
T14E8.4	WBGene00043981
T14F9.3	WBGene00020509
T14F9.4	WBGene00003968
T14G10.1	WBGene00004091
T14G10.4	WBGene00011774
T14G12.6	WBGene00020515
T15B7.3	WBGene00000716
T15B7.4	WBGene00000715
T15B7.5	WBGene00000714
T16A9.3	WBGene00011793
T16G1.1	WBGene00004150
T16G1.2	WBGene00011796
T16G1.4	WBGene00011798
T16G1.8	WBGene00001711
T16G12.1	WBGene00011803
T16H12.9	WBGene00011817
T17H7.1	WBGene00020550
T17H7.7	WBGene00020551
T18D3.4	WBGene00003514
T18D3.5	WBGene00011822
T18H9.1	WBGene00001695
T19A5.3	WBGene00020554
T19A5.4	WBGene00003634
T19A6.4	WBGene00011829
T19B10.2	WBGene00011831
T19B10.5	WBGene00011833
T19B10.9	WBGene00011836
T19B4.1	WBGene00020556
T19C3.1	WBGene00020559
T19C3.2	WBGene00020560
T19C3.3	WBGene00020561
T19C3.9	WBGene00020566
T19C4.1	WBGene00011838
T19C4.7	WBGene00003771
T19D12.1	WBGene00020576
T19D12.2	WBGene00020577
T19D12.4	WBGene00020579
T19D2.1	WBGene00020567
T19D7.1	WBGene00020569
T19D7.3	WBGene00020571
T19D7.6	WBGene00020574
T19H12.1	WBGene00020587
T19H12.10	WBGene00020593
T19H12.11	WBGene00020594
T19H12.6	WBGene00020590
T20B3.1	WBGene00011850
T20B3.16	WBGene00044332
T20B5.2	WBGene00020595
T20B6.3	WBGene00020599
T20D4.10	WBGene00020616
T20D4.11	WBGene00020617
T20D4.12	WBGene00020618
T20D4.15	WBGene00020620
T20D4.17	WBGene00020622
T20D4.20	WBGene00044718
T20D4.3	WBGene00020609
T20D4.5	WBGene00020611
T20D4.6	WBGene00020612
T20D4.9	WBGene00020615
T20F5.3	WBGene00020625
T20F5.4	WBGene00020626
T20F7.7	WBGene00020634
T20H4.2	WBGene00020635
T20H9.3	WBGene00020639
T21B10.6	WBGene00011888
T21B4.17	WBGene00044032
T21B4.2	WBGene00000660
T21B4.3	WBGene00011877
T21B4.9	WBGene00005291
T21B6.2	WBGene00011879
T21B6.5	WBGene00011882
T21C9.3	WBGene00011891
T21C9.8	WBGene00011894
T21C9.9	WBGene00011895
T21D11.1	WBGene00020646
T21D12.12	WBGene00020651
T21D12.14	WBGene00045177
T21D12.2	WBGene00001071
T21D12.7	WBGene00020648
T21D12.9	WBGene00020649
T21E8.1	WBGene00004000
T21E8.2	WBGene00004001
T21G5.2	WBGene00020660
T21G5.6	WBGene00044898
T21H3.2	WBGene00004230
T21H3.4	WBGene00020663
T22A3.2	WBGene00011906
T22A3.8	WBGene00002248
T22B11.2	WBGene00044620
T22B11.4	WBGene00020678
T22B2.6	WBGene00020670
T22B3.1	WBGene00001079
T22B7.3	WBGene00020672
T22B7.7	WBGene00020674
T22C8.2	WBGene00011923
T22C8.6	WBGene00011927
T22C8.7	WBGene00011928
T22D2.1	WBGene00006882
T22E5.3	WBGene00020691
T22F3.11	WBGene00020700
T22F3.12	WBGene00044705
T22F7.3	WBGene00020702
T22G5.2	WBGene00002259
T22G5.4	WBGene00011931
T22G5.6	WBGene00002260
T22H6.2	WBGene00011938
T22H6.5	WBGene00000016
T22H6.6	WBGene00001560
T22H6.7	WBGene00000017
T22H9.2	WBGene00020706
T23B12.11	WBGene00044553
T23B12.5	WBGene00020720
T23B12.6	WBGene00020721
T23C6.3	WBGene00020725
T23D8.5	WBGene00001941
T23E1.1	WBGene00020728
T23E7.6	WBGene00044772
T23F1.5	WBGene00011948
T23F1.6	WBGene00004153
T23F1.7	WBGene00001054
T23F2.1	WBGene00044623
T23F2.4	WBGene00020737
T23F4.3	WBGene00020741
T23F4.4	WBGene00003545
T23F6.1	WBGene00011949
T23F6.2	WBGene00011950
T23F6.5	WBGene00011952
T23G11.6	WBGene00011971
T23G5.3	WBGene00011963
T23G5.5	WBGene00000934
T23H2.4	WBGene00020743
T23H4.1	WBGene00002142
T23H4.3	WBGene00003524
T24A11.1	WBGene00003476
T24A11.3	WBGene00006591
T24B8.4	WBGene00011978
T24B8.6	WBGene00001950
T24C12.1	WBGene00020764
T24C12.4	WBGene00020766
T24C2.1	WBGene00004301
T24C2.5	WBGene00011984
T24D11.1	WBGene00020770
T24D3.2	WBGene00023492
T24D5.6	WBGene00044149
T24F1.7	WBGene00011999
T25B2.1	WBGene00020785
T25B2.3	WBGene00077592
T25B6.5	WBGene00020791
T25B6.6	WBGene00020792
T25B9.1	WBGene00012007
T25B9.7	WBGene00012013
T25C12.1	WBGene00003003
T25D10.2	WBGene00020800
T25D10.4	WBGene00020801
T25D3.4	WBGene00020798
T25E4.1	WBGene00020803
T25F10.3	WBGene00020806
T25G12.1	WBGene00020809
T25G12.11	WBGene00020817
T25G12.3	WBGene00020811
T25G12.4	WBGene00004270
T25G12.5	WBGene00020812
T26C5.2	WBGene00012032
T26E4.4	WBGene00012046
T26H2.7	WBGene00012068
T26H5.9	WBGene00044206
T27A10.6	WBGene00020846
T27A8.1	WBGene00012073
T27B1.2	WBGene00003933
T27C4.2	WBGene00020855
T27C5.12	WBGene00044059
T27D12.1	WBGene00012085
T27D12.2	WBGene00000528
T27D12.3	WBGene00012086
T27E4.2	WBGene00002017
T27E4.3	WBGene00002019
T27E4.5	WBGene00020863
T27E4.8	WBGene00002015
T27E4.9	WBGene00002020
T28A11.19	WBGene00020881
T28A11.2	WBGene00020869
T28A11.6	WBGene00020873
T28B8.3	WBGene00012114
T28C12.4	WBGene00020891
T28C12.6	WBGene00020893
T28C6.1	WBGene00012118
T28C6.10	WBGene00045183
T28C6.4	WBGene00000691
T28C6.6	WBGene00000594
T28D6.3	WBGene00012123
T28H10.2	WBGene00012143
T28H10.3	WBGene00012144
VC5.2	WBGene00020908
VF13D12L.3	WBGene00012149
VH15N14R.1	WBGene00012151
VW02B12L.3	WBGene00012156
VZK822L.2	WBGene00012163
W01A11.5	WBGene00020911
W01A11.7	WBGene00020912
W01A8.3	WBGene00012165
W01A8.6	WBGene00012168
W01B11.5	WBGene00004154
W01B11.6	WBGene00020917
W01C9.1	WBGene00012175
W01C9.2	WBGene00012176
W01C9.3	WBGene00004155
W01D2.6	WBGene00012183
W01F3.2	WBGene00012185
W01F3.3	WBGene00012186
W02A2.3	WBGene00004156
W02A2.5	WBGene00012190
W02B12.13	WBGene00043534
W02B12.8	WBGene00012203
W02B8.3	WBGene00012199
W02B8.6	WBGene00044074
W02D3.7	WBGene00002257
W02F12.2	WBGene00020947
W02H3.1	WBGene00012217
W03A5.3	WBGene00001731
W03B1.2	WBGene00020972
W03B1.8	WBGene00020977
W03C9.4	WBGene00003015
W03C9.6	WBGene00012222
W03D2.1	WBGene00004157
W03D2.6	WBGene00020981
W03D2.9	WBGene00020983
W03D8.11	WBGene00044796
W03D8.8	WBGene00020989
W03F11.5	WBGene00021008
W03F8.1	WBGene00006586
W03F8.2	WBGene00020992
W03F8.6	WBGene00020995
W03F9.11	WBGene00044512
W03G11.1	WBGene00000754
W03G11.2	WBGene00012224
W04A8.4	WBGene00012239
W04B5.6	WBGene00021023
W04G3.1	WBGene00012255
W04G3.2	WBGene00012256
W04G3.3	WBGene00012257
W04G3.7	WBGene00012260
W04G3.8	WBGene00012261
W04G5.10	WBGene00012270
W04G5.6	WBGene00002205
W04H10.4	WBGene00021032
W05B10.3	WBGene00012278
W05B10.4	WBGene00012279
W05B2.1	WBGene00000669
W05B2.2	WBGene00012271
W05B2.5	WBGene00000668
W05B2.6	WBGene00000667
W05B5.2	WBGene00012275
W05B5.3	WBGene00003675
W05E7.1	WBGene00001692
W05E7.3	WBGene00001702
W05G11.3	WBGene00000663
W06A11.1	WBGene00021052
W06B11.1	WBGene00021059
W06B11.3	WBGene00021060
W06B11.4	WBGene00001984
W06B3.2	WBGene00004859
W06D12.1	WBGene00012304
W06D12.3	WBGene00001397
W06D12.5	WBGene00006685
W06H12.1	WBGene00012317
W06H8.2	WBGene00021066
W06H8.8	WBGene00006436
W07A12.4	WBGene00012322
W07B8.1	WBGene00021070
W07B8.4	WBGene00021072
W07B8.5	WBGene00000785
W07E6.3	WBGene00021075
W07G4.5	WBGene00012339
W07G4.6	WBGene00005652
W08D2.6	WBGene00000697
W08E12.1	WBGene00021082
W08E12.2	WBGene00021083
W08E12.3	WBGene00021084
W08E12.4	WBGene00021085
W08E12.5	WBGene00021086
W08E12.6	WBGene00021087
W08F4.6	WBGene00021095
W08G11.1	WBGene00012346
W09B6.1	WBGene00004076
W09C5.4	WBGene00002116
W09C5.5	WBGene00012352
W09D12.1	WBGene00012364
W09G12.10	WBGene00044463
W09G12.7	WBGene00021121
W09G12.9	WBGene00021123
W10C8.4	WBGene00021127
W10C8.6	WBGene00044433
W10G11.1	WBGene00021134
W10G6.1	WBGene00012378
W10G6.3	WBGene00003485
Y102A11A.5	WBGene00022415
Y102A11A.6	WBGene00022416
Y102A11A.7	WBGene00022417
Y102A5C.16	WBGene00013621
Y102A5C.17	WBGene00013622
Y104H12A.1	WBGene00022423
Y105C5A.8	WBGene00013633
Y105C5B.14	WBGene00013653
Y105C5B.15	WBGene00013654
Y105C5B.29	WBGene00013665
Y105E8A.13	WBGene00013673
Y105E8A.4	WBGene00001156
Y105E8B.9	WBGene00013693
Y10G11A.2	WBGene00012424
Y110A2AL.3	WBGene00022440
Y110A2AL.8	WBGene00004210
Y110A2AL.9	WBGene00022445
Y113G7A.10	WBGene00013747
Y113G7A.16	WBGene00013753
Y113G7A.4	WBGene00003566
Y113G7B.12	WBGene00013762
Y113G7B.3	WBGene00013755
Y116F11B.2	WBGene00013820
Y119C1B.12	WBGene00044754
Y119D3B.8	WBGene00022486
Y11D7A.11	WBGene00000694
Y11D7A.13	WBGene00012436
Y11D7A.3	WBGene00012428
Y11D7A.5	WBGene00012429
Y11D7A.9	WBGene00012433
Y12A6A.1	WBGene00012439
Y14H12A.1	WBGene00021190
Y14H12A.2	WBGene00044382
Y15E3A.1	WBGene00003681
Y15E3A.4	WBGene00012443
Y15E3A.5	WBGene00012444
Y17D7B.4	WBGene00012452
Y17D7C.1	WBGene00012455
Y17G7B.15	WBGene00000565
Y17G7B.8	WBGene00012462
Y17G9A.2	WBGene00021195
Y18D10A.22	WBGene00014864
Y18D10A.7	WBGene00004231
Y18H1A.11	WBGene00021215
Y18H1A.12	WBGene00000624
Y18H1A.13	WBGene00000623
Y18H1A.7	WBGene00004332
Y18H1A.8	WBGene00021212
Y18H1A.9	WBGene00021213
Y19D10A.16	WBGene00044734
Y19D10A.9	WBGene00021224
Y19D10B.6	WBGene00021235
Y19D10B.7	WBGene00021236
Y1H11.1	WBGene00001782
Y22D7AL.11	WBGene00021249
Y22D7AL.14	WBGene00021252
Y22D7AL.6	WBGene00021245
Y22D7AL.8	WBGene00004894
Y22D7AL.9	WBGene00021247
Y22D7AR.3	WBGene00021257
Y22D7AR.9	WBGene00021262
Y23H5B.8	WBGene00021279
Y26E6A.2	WBGene00012513
Y26E6A.3	WBGene00012514
Y27F2A.9	WBGene00021300
Y2H9A.3	WBGene00000735
Y2H9A.4	WBGene00012381
Y32F6B.1	WBGene00012531
Y32F6B.3	WBGene00012532
Y32G9B.1	WBGene00021309
Y34B4A.10	WBGene00021326
Y34D9A.11	WBGene00021335
Y34F4.2	WBGene00021337
Y37A1A.2	WBGene00012535
Y37A1A.3	WBGene00012536
Y37A1B.13	WBGene00006598
Y37A1B.15	WBGene00001575
Y37A1B.7	WBGene00012540
Y37B11A.1	WBGene00021343
Y37D8A.3	WBGene00012545
Y37D8A.4	WBGene00012546
Y37E11AR.5	WBGene00021372
Y37E11AR.6	WBGene00006869
Y37E11B.7	WBGene00021379
Y38A10A.2	WBGene00021389
Y38C1AA.6	WBGene00021397
Y38C1AA.9	WBGene00021400
Y38C1AB.1	WBGene00021403
Y38C1AB.2	WBGene00021404
Y38C1AB.5	WBGene00021407
Y38C1AB.6	WBGene00021408
Y38C1BA.3	WBGene00000683
Y38E10A.12	WBGene00012590
Y38E10A.13	WBGene00012591
Y38E10A.17	WBGene00012595
Y38E10A.18	WBGene00012596
Y38E10A.19	WBGene00012597
Y38E10A.25	WBGene00012603
Y38E10A.5	WBGene00012583
Y38E10A.7	WBGene00012585
Y38F1A.10	WBGene00003144
Y38F1A.3	WBGene00004232
Y38F1A.5	WBGene00000870
Y38F1A.8	WBGene00012610
Y38F2AL.1	WBGene00021415
Y38H6C.14	WBGene00012626
Y38H6C.16	WBGene00012628
Y38H6C.20	WBGene00012632
Y38H6C.21	WBGene00012633
Y38H8A.1	WBGene00012635
Y39A1A.10	WBGene00012649
Y39A1A.7	WBGene00012646
Y39A1A.9	WBGene00012648
Y39A1B.2	WBGene00004233
Y39A3B.1	WBGene00021436
Y39B6A.41	WBGene00012699
Y39B6A.8	WBGene00012670
Y39D8A.1	WBGene00021448
Y39D8C.1	WBGene00000022
Y39E4B.2	WBGene00012715
Y39E4B.4	WBGene00006629
Y39F10A.1	WBGene00021452
Y39G10AR.10	WBGene00021468
Y39G10AR.6	WBGene00021464
Y39G8B.10	WBGene00012729
Y39G8B.7	WBGene00012727
Y40B10A.7	WBGene00021492
Y40C5A.1	WBGene00021495
Y40C7B.4	WBGene00021500
Y40H7A.10	WBGene00012747
Y40H7A.2	WBGene00012742
Y40H7A.3	WBGene00012743
Y40H7A.4	WBGene00012744
Y41C4A.12	WBGene00012758
Y41C4A.19	WBGene00000671
Y41C4A.2	WBGene00012750
Y41C4A.8	WBGene00012755
Y41D4A.1	WBGene00021504
Y41D4A.2	WBGene00000682
Y41E3.2	WBGene00001066
Y41E3.22	WBGene00045146
Y41E3.3	WBGene00012763
Y41G9A.10	WBGene00044901
Y41G9A.2	WBGene00021526
Y41G9A.5	WBGene00021529
Y42A5A.2	WBGene00012777
Y42A5A.3	WBGene00012778
Y42H9B.1	WBGene00000689
Y43C5A.3	WBGene00012783
Y43C5A.5	WBGene00006568
Y43C5A.7	WBGene00044922
Y43D4A.2	WBGene00012788
Y43D4A.5	WBGene00012791
Y43E12A.2	WBGene00012794
Y43F4A.1	WBGene00012796
Y43F8A.3	WBGene00012810
Y43F8B.14	WBGene00012824
Y43F8B.2	WBGene00012813
Y43F8B.3	WBGene00012814
Y43F8B.4	WBGene00012815
Y43F8B.9	WBGene00012819
Y43F8C.1	WBGene00003763
Y43F8C.11	WBGene00012833
Y43F8C.2	WBGene00003764
Y44E3A.1	WBGene00021547
Y45F10A.3	WBGene00012866
Y45F10A.7	WBGene00012869
Y45F10C.4	WBGene00012880
Y45F10D.14	WBGene00012892
Y45F10D.2	WBGene00012883
Y45F10D.6	WBGene00012886
Y45F3A.1	WBGene00012859
Y45F3A.2	WBGene00004282
Y45F3A.4	WBGene00012861
Y45F3A.9	WBGene00012864
Y45G12C.1	WBGene00021565
Y46C8AL.3	WBGene00021581
Y46E12BL.4	WBGene00021597
Y46G5A.17	WBGene00012907
Y46G5A.22	WBGene00012912
Y46G5A.29	WBGene00012917
Y46H3A.2	WBGene00002018
Y46H3A.3	WBGene00002016
Y46H3B.2	WBGene00021603
Y47D3B.1	WBGene00012939
Y47D3B.10	WBGene00001077
Y47D3B.4	WBGene00012941
Y47D3B.6	WBGene00012942
Y47D3B.7	WBGene00004735
Y47D7A.1	WBGene00004813
Y47D7A.12	WBGene00021624
Y47D7A.13	WBGene00021625
Y47D7A.5	WBGene00001714
Y47D9A.2	WBGene00021629
Y47G6A.13	WBGene00021639
Y47G6A.15	WBGene00021641
Y47G6A.18	WBGene00021644
Y47G6A.30	WBGene00021653
Y47G6A.32	WBGene00044437
Y47G6A.33	WBGene00045399
Y47H10A.3	WBGene00012959
Y47H9A.1	WBGene00012945
Y47H9C.1	WBGene00012947
Y47H9C.4	WBGene00000415
Y47H9C.5	WBGene00001045
Y48A6B.7	WBGene00012968
Y48A6B.8	WBGene00012969
Y48B6A.6	WBGene00012980
Y48B6A.7	WBGene00000038
Y48C3A.3	WBGene00012987
Y48E1B.8	WBGene00013007
Y48E1B.9	WBGene00013008
Y48G1BR.1	WBGene00021675
Y48G8AL.12	WBGene00021690
Y48G8AR.1	WBGene00001707
Y49A3A.4	WBGene00013027
Y49C4A.8	WBGene00021709
Y49E10.18	WBGene00013037
Y49E10.19	WBGene00013038
Y49F6B.10	WBGene00000647
Y49G5A.1	WBGene00021731
Y4C6B.2	WBGene00021156
Y4C6B.4	WBGene00021158
Y4C6B.6	WBGene00021160
Y50D4B.1	WBGene00021740
Y50D4B.4	WBGene00021743
Y50D4B.6	WBGene00021745
Y50E8A.3	WBGene00003861
Y50E8A.5	WBGene00013048
Y51A2D.11	WBGene00013079
Y51A2D.15	WBGene00013082
Y51A2D.18	WBGene00013083
Y51A2D.21	WBGene00044210
Y51A2D.4	WBGene00013073
Y51A2D.5	WBGene00013074
Y51B9A.6	WBGene00013088
Y51F10.7	WBGene00021768
Y51H4A.7	WBGene00013103
Y51H4A.8	WBGene00013104
Y51H4A.9	WBGene00000710
Y51H7BR.7	WBGene00021778
Y51H7C.13	WBGene00021791
Y51H7C.8	WBGene00021786
Y52B11A.4	WBGene00013124
Y52B11A.8	WBGene00013127
Y52B11B.1	WBGene00013130
Y53C10A.4	WBGene00013135
Y53C12A.2	WBGene00001623
Y53C12B.5	WBGene00003100
Y53C12B.6	WBGene00013145
Y53C12B.7	WBGene00013146
Y53F4B.2	WBGene00001247
Y53F4B.20	WBGene00013166
Y53F4B.23	WBGene00013169
Y53F4B.25	WBGene00013171
Y53F4B.27	WBGene00013173
Y53F4B.28	WBGene00004234
Y53F4B.35	WBGene00001779
Y53H1B.1	WBGene00013180
Y54E10BL.2	WBGene00000625
Y54E10BR.7	WBGene00003387
Y54F10AM.2	WBGene00001410
Y54F10AM.6	WBGene00021850
Y54F10BM.4	WBGene00021859
Y54G11A.4	WBGene00013215
Y54G2A.10	WBGene00021875
Y54G2A.11	WBGene00021876
Y54G2A.16	WBGene00021881
Y54G2A.21	WBGene00021886
Y54G2A.25	WBGene00002243
Y54G2A.37	WBGene00023484
Y54G2A.4	WBGene00021870
Y54G2A.41	WBGene00044485
Y54G2A.44	WBGene00044487
Y54G2A.8	WBGene00021873
Y54G9A.4	WBGene00013207
Y55D5A.6	WBGene00021919
Y55F3AM.10	WBGene00021927
Y55F3AM.14	WBGene00021931
Y55F3BR.11	WBGene00044757
Y55F3BR.2	WBGene00021939
Y55F3BR.4	WBGene00021941
Y55F3BR.5	WBGene00021942
Y55F3BR.6	WBGene00021943
Y56A3A.6	WBGene00013227
Y56A3A.7	WBGene00013228
Y57A10A.11	WBGene00004394
Y57A10A.14	WBGene00013257
Y57A10A.23	WBGene00013263
Y57A10A.24	WBGene00013264
Y57A10B.1	WBGene00013273
Y57E12AR.1	WBGene00044612
Y57E12B.3	WBGene00021963
Y57G11A.1	WBGene00013289
Y57G11A.5	WBGene00013293
Y57G11B.2	WBGene00013295
Y57G11C.17	WBGene00013312
Y57G11C.31	WBGene00013321
Y57G11C.40	WBGene00013329
Y57G11C.42	WBGene00013331
Y58A7A.1	WBGene00021975
Y58A7A.2	WBGene00021976
Y58A7A.3	WBGene00021977
Y58A7A.4	WBGene00021978
Y58A7A.5	WBGene00021979
Y59A8B.20	WBGene00013352
Y59C2A.1	WBGene00021984
Y59E9AL.4	WBGene00021994
Y59E9AL.7	WBGene00043064
Y59H11AL.1	WBGene00022004
Y59H11AR.4	WBGene00022012
Y5H2A.4	WBGene00044521
Y5H2B.5	WBGene00021167
Y60A3A.16	WBGene00013364
Y60A3A.18	WBGene00004810
Y60A3A.23	WBGene00013367
Y61A9LA.7	WBGene00022018
Y62F5A.9	WBGene00013387
Y63D3A.3	WBGene00013404
Y64H9A.2	WBGene00022024
Y65A5A.1	WBGene00013418
Y65B4A.2	WBGene00022026
Y65B4BL.1	WBGene00022033
Y65B4BL.6	WBGene00022038
Y65B4BR.1	WBGene00022040
Y65B4BR.2	WBGene00002393
Y65B4BR.6	WBGene00001725
Y66A7A.6	WBGene00001633
Y66A7A.7	WBGene00013426
Y66D12A.12	WBGene00013438
Y66D12A.13	WBGene00013439
Y66D12A.24	WBGene00013448
Y67A10A.1	WBGene00013450
Y67A10A.8	WBGene00013457
Y67A10A.9	WBGene00013458
Y67D8B.2	WBGene00022062
Y67D8C.5	WBGene00022069
Y67D8C.9	WBGene00022073
Y68A4B.2	WBGene00013471
Y69A2AL.1	WBGene00001705
Y69A2AR.29	WBGene00003595
Y69H2.14	WBGene00013489
Y6B3B.10	WBGene00006505
Y70C5A.3	WBGene00050904
Y70C5C.1	WBGene00013492
Y70D2A.1	WBGene00013496
Y70G10A.3	WBGene00013499
Y71A12B.12	WBGene00013509
Y71D11A.1	WBGene00022103
Y71F9B.1	WBGene00022125
Y71F9B.7	WBGene00004043
Y71F9B.9	WBGene00022130
Y71G12A.4	WBGene00022140
Y71G12B.11	WBGene00006771
Y71G12B.16	WBGene00022154
Y71G12B.17	WBGene00022155
Y71G12B.18	WBGene00022156
Y71G12B.25	WBGene00022160
Y71G12B.26	WBGene00022161
Y71G12B.31	WBGene00044348
Y71G12B.6	WBGene00022146
Y71H2AM.15	WBGene00022180
Y71H2AR.3	WBGene00022190
Y73B3A.20	WBGene00022221
Y73B6A.1	WBGene00022228
Y73B6BL.1	WBGene00022231
Y73B6BL.12	WBGene00022236
Y73B6BL.13	WBGene00003237
Y73B6BL.24	WBGene00022245
Y73B6BL.25	WBGene00022246
Y73B6BL.34	WBGene00000256
Y73B6BL.36	WBGene00022255
Y73B6BL.44	WBGene00044350
Y73C8B.1	WBGene00022258
Y73C8B.2	WBGene00022259
Y73C8C.2	WBGene00022261
Y73C8C.4	WBGene00022263
Y73E7A.8	WBGene00022274
Y73F4A.2	WBGene00013515
Y73F4A.3	WBGene00013516
Y73F8A.11	WBGene00013520
Y73F8A.21	WBGene00003604
Y73F8A.9	WBGene00004171
Y74E4A.1	WBGene00022283
Y75B12B.11	WBGene00013573
Y75B12B.13	WBGene00045402
Y75B12B.3	WBGene00013568
Y75B7AR.1	WBGene00022287
Y75B7B.1	WBGene00022288
Y75B8A.20	WBGene00001724
Y75B8A.27	WBGene00004172
Y75B8A.28	WBGene00013559
Y75B8A.29	WBGene00013560
Y75B8A.3	WBGene00013540
Y75B8A.4	WBGene00013541
Y75B8A.6	WBGene00013543
Y75B8A.9	WBGene00001636
Y76A2A.1	WBGene00006509
Y76A2B.1	WBGene00004075
Y76A2B.2	WBGene00013574
Y77E11A.12	WBGene00022313
Y77E11A.14	WBGene00022314
Y77E11A.15	WBGene00000680
Y80D3A.5	WBGene00013585
Y80D3A.7	WBGene00004236
Y80D3A.9	WBGene00013587
Y81G3A.4	WBGene00013592
Y82E9BL.14	WBGene00022330
Y82E9BL.15	WBGene00022331
Y82E9BL.7	WBGene00022324
Y82E9BL.8	WBGene00022325
Y82E9BR.21	WBGene00022353
Y82E9BR.23	WBGene00044761
Y82E9BR.4	WBGene00022337
Y87G2A.15	WBGene00001704
Y87G2A.16	WBGene00013602
Y87G2A.19	WBGene00044260
Y8A9A.2	WBGene00021171
Y92H12A.2	WBGene00022358
Y97E10AR.1	WBGene00022396
Y97E10B.7	WBGene00003575
Y97E10C.1	WBGene00022410
Y9D1A.2	WBGene00021187
ZC101.3	WBGene00013852
ZC116.1	WBGene00013853
ZC123.1	WBGene00022517
ZC13.3	WBGene00022504
ZC13.4	WBGene00003104
ZC15.7	WBGene00013835
ZC15.8	WBGene00004173
ZC155.2	WBGene00022530
ZC168.1	WBGene00003568
ZC168.5	WBGene00001730
ZC190.1	WBGene00000541
ZC196.2	WBGene00022546
ZC204.13	WBGene00022563
ZC21.3	WBGene00022505
ZC239.19	WBGene00005562
ZC239.4	WBGene00022567
ZC247.1	WBGene00013859
ZC250.1	WBGene00000893
ZC250.3	WBGene00022577
ZC262.9	WBGene00044801
ZC317.2	WBGene00022588
ZC328.1	WBGene00022591
ZC334.7	WBGene00013865
ZC373.6	WBGene00000930
ZC373.7	WBGene00000749
ZC374.2	WBGene00013872
ZC376.2	WBGene00013874
ZC410.1	WBGene00003610
ZC412.10	WBGene00050943
ZC412.3	WBGene00013884
ZC416.2	WBGene00022609
ZC416.6	WBGene00022610
ZC434.3	WBGene00013891
ZC434.9	WBGene00013895
ZC443.1	WBGene00013896
ZC449.1	WBGene00022611
ZC449.2	WBGene00022612
ZC449.5	WBGene00022615
ZC449.6	WBGene00022616
ZC449.7	WBGene00045365
ZC455.1	WBGene00013902
ZC455.10	WBGene00001429
ZC455.4	WBGene00013904
ZC455.5	WBGene00013905
ZC455.6	WBGene00013906
ZC47.13	WBGene00013844
ZC47.3	WBGene00013836
ZC513.12	WBGene00006060
ZC513.2	WBGene00022627
ZC513.5	WBGene00022629
ZC513.8	WBGene00000620
ZC581.1	WBGene00022631
ZC64.3	WBGene00000441
ZC8.4	WBGene00022500
ZC84.1	WBGene00013846
ZK1010.4	WBGene00014178
ZK1010.6	WBGene00014180
ZK1010.7	WBGene00000672
ZK1025.10	WBGene00014189
ZK1025.2	WBGene00014182
ZK1025.3	WBGene00014183
ZK1025.4	WBGene00014184
ZK1025.6	WBGene00014186
ZK1025.7	WBGene00050875
ZK1025.8	WBGene00014188
ZK1025.9	WBGene00003703
ZK105.6	WBGene00022657
ZK1055.4	WBGene00022845
ZK1058.6	WBGene00014206
ZK1067.6	WBGene00006367
ZK1067.7	WBGene00004174
ZK1086.2	WBGene00014216
ZK1151.1	WBGene00006876
ZK1193.1	WBGene00000608
ZK1193.5	WBGene00022861
ZK1225.1	WBGene00014235
ZK1225.2	WBGene00014236
ZK1240.1	WBGene00022866
ZK1240.2	WBGene00022867
ZK1251.2	WBGene00002090
ZK1290.10	WBGene00022891
ZK1290.12	WBGene00006947
ZK1290.13	WBGene00022893
ZK1290.3	WBGene00004398
ZK1290.8	WBGene00006956
ZK1307.1	WBGene00014244
ZK1307.2	WBGene00014245
ZK1307.3	WBGene00014246
ZK131.1	WBGene00001900
ZK131.10	WBGene00001890
ZK131.2	WBGene00001899
ZK131.3	WBGene00001883
ZK131.4	WBGene00001884
ZK131.5	WBGene00001885
ZK131.6	WBGene00001886
ZK131.7	WBGene00001887
ZK131.8	WBGene00001888
ZK131.9	WBGene00001889
ZK1320.4	WBGene00014254
ZK154.1	WBGene00022665
ZK177.8	WBGene00022673
ZK180.5	WBGene00022679
ZK180.6	WBGene00022680
ZK185.3	WBGene00022683
ZK20.6	WBGene00013926
ZK218.1	WBGene00013935
ZK218.11	WBGene00013943
ZK218.4	WBGene00013938
ZK218.5	WBGene00013939
ZK218.8	WBGene00013942
ZK228.3	WBGene00013946
ZK228.4	WBGene00013947
ZK250.8	WBGene00022691
ZK262.2	WBGene00013949
ZK262.3	WBGene00013950
ZK270.1	WBGene00004237
ZK270.2	WBGene00001488
ZK287.4	WBGene00013965
ZK328.8	WBGene00006544
ZK353.2	WBGene00022698
ZK355.2	WBGene00022712
ZK370.4	WBGene00022718
ZK377.1	WBGene00006952
ZK380.5	WBGene00044559
ZK381.2	WBGene00022725
ZK402.2	WBGene00022729
ZK402.3	WBGene00022730
ZK430.8	WBGene00022743
ZK455.5	WBGene00013975
ZK470.6	WBGene00022747
ZK488.4	WBGene00022756
ZK507.4	WBGene00013980
ZK512.1	WBGene00013982
ZK512.3	WBGene00000425
ZK512.7	WBGene00013986
ZK54.2	WBGene00006602
ZK550.2	WBGene00013996
ZK563.1	WBGene00006865
ZK563.7	WBGene00044355
ZK593.3	WBGene00014003
ZK596.1	WBGene00014006
ZK596.3	WBGene00014008
ZK6.6	WBGene00022641
ZK6.7	WBGene00022642
ZK616.9	WBGene00004992
ZK617.1	WBGene00006759
ZK617.2	WBGene00014009
ZK622.4	WBGene00022782
ZK632.8	WBGene00000189
ZK652.11	WBGene00000835
ZK662.2	WBGene00014039
ZK662.6	WBGene00045494
ZK666.6	WBGene00014046
ZK666.7	WBGene00014047
ZK669.2	WBGene00014052
ZK673.1	WBGene00014057
ZK673.4	WBGene00014060
ZK673.7	WBGene00006583
ZK678.5	WBGene00006950
ZK678.8	WBGene00044630
ZK682.5	WBGene00022789
ZK682.7	WBGene00022790
ZK688.2	WBGene00022797
ZK742.4	WBGene00022814
ZK75.1	WBGene00002087
ZK75.3	WBGene00002086
ZK770.3	WBGene00002134
ZK783.1	WBGene00022816
ZK783.2	WBGene00022817
ZK792.3	WBGene00002131
ZK792.4	WBGene00014077
ZK822.2	WBGene00014090
ZK822.3	WBGene00003736
ZK822.5	WBGene00014092
ZK829.1	WBGene00014093
ZK829.3	WBGene00014094
ZK836.1	WBGene00003057
ZK84.1	WBGene00022649
ZK84.3	WBGene00002088
ZK863.2	WBGene00000614
ZK863.8	WBGene00014125
ZK863.9	WBGene00044790
ZK892.1	WBGene00002266
ZK896.4	WBGene00014135
ZK896.6	WBGene00014137
ZK899.4	WBGene00006534
ZK909.3	WBGene00014148
ZK909.6	WBGene00014150
ZK930.6	WBGene00014156
ZK945.1	WBGene00014164
ZK973.6	WBGene00000140
ZK993.1	WBGene00022837
ZK994.3	WBGene00004256
